rosbagTimestamp,header,seq,stamp,secs,nsecs,frame_id,posetwist,pose,position,x,y,z,orientation,x,y,z,w,twist,linear,x,y,z,angular,x,y,z,acceleration,linear,x,y,z,angular,x,y,z
1402415830677819141,,15489,,1402415830,677537774,/base_link,,,,8.68559979082,12.1965040069,0.0,,3.39519326624e-313,0.0,3.24107063672e-321,1.0,,,0.0,0.0,0.0,,0.0,0.0,0.0,,,0.0,0.0,0.0,,0.0,0.0,0.0
1402415830697713827,,15490,,1402415830,697535340,/base_link,,,,8.68559979082,12.1965040069,0.0,,3.39519326624e-313,0.0,3.24107063672e-321,1.0,,,0.0,0.0,0.0,,0.0,0.0,0.0,,,0.0,0.0,0.0,,0.0,0.0,0.0
1402415830717914391,,15491,,1402415830,717698421,/base_link,,,,8.68559979082,12.1965040069,0.0,,3.39519326624e-313,0.0,3.24107063672e-321,1.0,,,0.0,0.0,0.0,,0.0,0.0,0.0,,,0.0,0.0,0.0,,0.0,0.0,0.0
1402415830737887526,,15492,,1402415830,737694581,/base_link,,,,8.68559979082,12.1965040069,0.0,,3.39519326624e-313,0.0,3.24107063672e-321,1.0,,,0.0,0.0,0.0,,0.0,0.0,0.0,,,0.0,0.0,0.0,,0.0,0.0,0.0
1402415830757857608,,15493,,1402415830,757502369,/base_link,,,,8.68559979082,12.1965040069,0.0,,3.39519326624e-313,0.0,3.24107063672e-321,1.0,,,0.0,0.0,0.0,,0.0,0.0,0.0,,,0.0,0.0,0.0,,0.0,0.0,0.0
1402415830777897694,,15494,,1402415830,777488819,/base_link,,,,8.68559979082,12.1965040069,0.0,,3.39519326624e-313,0.0,3.24107063672e-321,1.0,,,0.0,0.0,0.0,,0.0,0.0,0.0,,,0.0,0.0,0.0,,0.0,0.0,0.0
1402415830797890488,,15495,,1402415830,797566810,/base_link,,,,8.68559979082,12.1965040069,0.0,,3.39519326624e-313,0.0,3.24107063672e-321,1.0,,,0.0,0.0,0.0,,0.0,0.0,0.0,,,0.0,0.0,0.0,,0.0,0.0,0.0
1402415830817760843,,15496,,1402415830,817535543,/base_link,,,,8.68559979082,12.1965040069,0.0,,3.39519326624e-313,0.0,3.24107063672e-321,1.0,,,0.0,0.0,0.0,,0.0,0.0,0.0,,,0.0,0.0,0.0,,0.0,0.0,0.0
1402415830837836188,,15497,,1402415830,837569450,/base_link,,,,8.68559979082,12.1965040069,0.0,,3.39519326624e-313,0.0,3.24107063672e-321,1.0,,,0.0,0.0,0.0,,0.0,0.0,0.0,,,0.0,0.0,0.0,,0.0,0.0,0.0
1402415830857916701,,15498,,1402415830,857647391,/base_link,,,,8.68559979082,12.1965040069,0.0,,3.39519326624e-313,0.0,3.24107063672e-321,1.0,,,0.0,0.0,0.0,,0.0,0.0,0.0,,,0.0,0.0,0.0,,0.0,0.0,0.0
1402415830877901530,,15499,,1402415830,877654917,/base_link,,,,8.68559979082,12.1965040069,0.0,,3.39519326624e-313,0.0,3.24107063672e-321,1.0,,,0.0,0.0,0.0,,0.0,0.0,0.0,,,0.0,0.0,0.0,,0.0,0.0,0.0
1402415830897736307,,15500,,1402415830,897507244,/base_link,,,,8.68559979082,12.1965040069,0.0,,3.39519326624e-313,0.0,3.24107063672e-321,1.0,,,0.0,0.0,0.0,,0.0,0.0,0.0,,,0.0,0.0,0.0,,0.0,0.0,0.0
1402415830917854350,,15501,,1402415830,917545270,/base_link,,,,8.68559979082,12.1965040069,0.0,,3.39519326624e-313,0.0,3.24107063672e-321,1.0,,,0.0,0.0,0.0,,0.0,0.0,0.0,,,0.0,0.0,0.0,,0.0,0.0,0.0
1402415830937811880,,15502,,1402415830,937544117,/base_link,,,,8.68559979082,12.1965040069,0.0,,3.39519326624e-313,0.0,3.24107063672e-321,1.0,,,0.0,0.0,0.0,,0.0,0.0,0.0,,,0.0,0.0,0.0,,0.0,0.0,0.0
1402415830957967736,,15503,,1402415830,957735433,/base_link,,,,8.68559979082,12.1965040069,0.0,,3.39519326624e-313,0.0,3.24107063672e-321,1.0,,,0.0,0.0,0.0,,0.0,0.0,0.0,,,0.0,0.0,0.0,,0.0,0.0,0.0
1402415830977734975,,15504,,1402415830,977545819,/base_link,,,,8.68559979082,12.1965040069,0.0,,3.39519326624e-313,0.0,3.24107063672e-321,1.0,,,0.0,0.0,0.0,,0.0,0.0,0.0,,,0.0,0.0,0.0,,0.0,0.0,0.0
1402415830997866771,,15505,,1402415830,997550139,/base_link,,,,8.68559979082,12.1965040069,0.0,,3.39519326624e-313,0.0,3.24107063672e-321,1.0,,,0.0,0.0,0.0,,0.0,0.0,0.0,,,0.0,0.0,0.0,,0.0,0.0,0.0
1402415831017729190,,15506,,1402415831,17498751,/base_link,,,,8.68559979082,12.1965040069,0.0,,3.39519326624e-313,0.0,3.24107063672e-321,1.0,,,0.0,0.0,0.0,,0.0,0.0,0.0,,,0.0,0.0,0.0,,0.0,0.0,0.0
1402415831037813906,,15507,,1402415831,37598848,/base_link,,,,8.68559979082,12.1965040069,0.0,,3.39519326624e-313,0.0,3.24107063672e-321,1.0,,,0.0,0.0,0.0,,0.0,0.0,0.0,,,0.0,0.0,0.0,,0.0,0.0,0.0
1402415831057765355,,15508,,1402415831,57553720,/base_link,,,,8.68559979082,12.1965040069,0.0,,3.39519326624e-313,0.0,3.24107063672e-321,1.0,,,0.0,0.0,0.0,,0.0,0.0,0.0,,,0.0,0.0,0.0,,0.0,0.0,0.0
1402415831077858695,,15509,,1402415831,77593660,/base_link,,,,8.68559979082,12.1965040069,0.0,,3.39519326624e-313,0.0,3.24107063672e-321,1.0,,,0.0,0.0,0.0,,0.0,0.0,0.0,,,0.0,0.0,0.0,,0.0,0.0,0.0
1402415831098022223,,15510,,1402415831,97710077,/base_link,,,,8.68559979082,12.1965040069,0.0,,3.39519326624e-313,0.0,3.24107063672e-321,1.0,,,0.0,0.0,0.0,,0.0,0.0,0.0,,,0.0,0.0,0.0,,0.0,0.0,0.0
1402415831117831968,,15511,,1402415831,117498412,/base_link,,,,8.68559979082,12.1965040069,0.0,,3.39519326624e-313,0.0,3.24107063672e-321,1.0,,,0.0,0.0,0.0,,0.0,0.0,0.0,,,0.0,0.0,0.0,,0.0,0.0,0.0
1402415831137763790,,15512,,1402415831,137532146,/base_link,,,,8.68559979082,12.1965040069,0.0,,3.39519326624e-313,0.0,3.24107063672e-321,1.0,,,0.0,0.0,0.0,,0.0,0.0,0.0,,,0.0,0.0,0.0,,0.0,0.0,0.0
1402415831157754023,,15513,,1402415831,157506755,/base_link,,,,8.68559979082,12.1965040069,0.0,,3.39519326624e-313,0.0,3.24107063672e-321,1.0,,,0.0,0.0,0.0,,0.0,0.0,0.0,,,0.0,0.0,0.0,,0.0,0.0,0.0
1402415831177801126,,15514,,1402415831,177562413,/base_link,,,,8.68559979082,12.1965040069,0.0,,3.39519326624e-313,0.0,3.24107063672e-321,1.0,,,0.0,0.0,0.0,,0.0,0.0,0.0,,,0.0,0.0,0.0,,0.0,0.0,0.0
1402415831198080322,,15515,,1402415831,197787936,/base_link,,,,8.68559979082,12.1965040069,0.0,,3.39519326624e-313,0.0,3.24107063672e-321,1.0,,,0.0,0.0,0.0,,0.0,0.0,0.0,,,0.0,0.0,0.0,,0.0,0.0,0.0
1402415831217765112,,15516,,1402415831,217584814,/base_link,,,,8.68559979082,12.1965040069,0.0,,3.39519326624e-313,0.0,3.24107063672e-321,1.0,,,0.0,0.0,0.0,,0.0,0.0,0.0,,,0.0,0.0,0.0,,0.0,0.0,0.0
1402415831237808199,,15517,,1402415831,237499017,/base_link,,,,8.68559979082,12.1965040069,0.0,,3.39519326624e-313,0.0,3.24107063672e-321,1.0,,,0.0,0.0,0.0,,0.0,0.0,0.0,,,0.0,0.0,0.0,,0.0,0.0,0.0
1402415831257818373,,15518,,1402415831,257556425,/base_link,,,,8.68559979082,12.1965040069,0.0,,3.39519326624e-313,0.0,3.24107063672e-321,1.0,,,0.0,0.0,0.0,,0.0,0.0,0.0,,,0.0,0.0,0.0,,0.0,0.0,0.0
1402415831278054400,,15519,,1402415831,277597266,/base_link,,,,8.68559979082,12.1965040069,0.0,,3.39519326624e-313,0.0,3.24107063672e-321,1.0,,,0.0,0.0,0.0,,0.0,0.0,0.0,,,0.0,0.0,0.0,,0.0,0.0,0.0
1402415831297968195,,15520,,1402415831,297581556,/base_link,,,,8.68559979082,12.1965040069,0.0,,3.39519326624e-313,0.0,3.24107063672e-321,1.0,,,0.0,0.0,0.0,,0.0,0.0,0.0,,,0.0,0.0,0.0,,0.0,0.0,0.0
1402415831317892845,,15521,,1402415831,317609202,/base_link,,,,8.68559979082,12.1965040069,0.0,,3.39519326624e-313,0.0,3.24107063672e-321,1.0,,,0.0,0.0,0.0,,0.0,0.0,0.0,,,0.0,0.0,0.0,,0.0,0.0,0.0
1402415831337844286,,15522,,1402415831,337504410,/base_link,,,,8.68559979082,12.1965040069,0.0,,3.39519326624e-313,0.0,3.24107063672e-321,1.0,,,0.0,0.0,0.0,,0.0,0.0,0.0,,,0.0,0.0,0.0,,0.0,0.0,0.0
1402415831357922462,,15523,,1402415831,357498554,/base_link,,,,8.68559979082,12.1965040069,0.0,,3.39519326624e-313,0.0,3.24107063672e-321,1.0,,,0.0,0.0,0.0,,0.0,0.0,0.0,,,0.0,0.0,0.0,,0.0,0.0,0.0
1402415831377816968,,15524,,1402415831,377539364,/base_link,,,,8.68559979082,12.1965040069,0.0,,3.39519326624e-313,0.0,3.24107063672e-321,1.0,,,0.0,0.0,0.0,,0.0,0.0,0.0,,,0.0,0.0,0.0,,0.0,0.0,0.0
1402415831398041085,,15525,,1402415831,397667592,/base_link,,,,8.68559979082,12.1965040069,0.0,,3.39519326624e-313,0.0,3.24107063672e-321,1.0,,,0.0,0.0,0.0,,0.0,0.0,0.0,,,0.0,0.0,0.0,,0.0,0.0,0.0
1402415831417767211,,15526,,1402415831,417559709,/base_link,,,,8.68559979082,12.1965040069,0.0,,3.39519326624e-313,0.0,3.24107063672e-321,1.0,,,0.0,0.0,0.0,,0.0,0.0,0.0,,,0.0,0.0,0.0,,0.0,0.0,0.0
1402415831437704709,,15527,,1402415831,437511736,/base_link,,,,8.68559979082,12.1965040069,0.0,,3.39519326624e-313,0.0,3.24107063672e-321,1.0,,,0.0,0.0,0.0,,0.0,0.0,0.0,,,0.0,0.0,0.0,,0.0,0.0,0.0
1402415831457895658,,15528,,1402415831,457511520,/base_link,,,,8.68559979082,12.1965040069,0.0,,3.39519326624e-313,0.0,3.24107063672e-321,1.0,,,0.0,0.0,0.0,,0.0,0.0,0.0,,,0.0,0.0,0.0,,0.0,0.0,0.0
1402415831477884666,,15529,,1402415831,477508389,/base_link,,,,8.68559979082,12.1965040069,0.0,,3.39519326624e-313,0.0,3.24107063672e-321,1.0,,,0.0,0.0,0.0,,0.0,0.0,0.0,,,0.0,0.0,0.0,,0.0,0.0,0.0
1402415831498018750,,15530,,1402415831,497625879,/base_link,,,,8.68559979082,12.1965040069,0.0,,3.39519326624e-313,0.0,3.24107063672e-321,1.0,,,0.0,0.0,0.0,,0.0,0.0,0.0,,,0.0,0.0,0.0,,0.0,0.0,0.0
1402415831517825479,,15531,,1402415831,517505242,/base_link,,,,8.68559979082,12.1965040069,0.0,,3.39519326624e-313,0.0,3.24107063672e-321,1.0,,,0.0,0.0,0.0,,0.0,0.0,0.0,,,0.0,0.0,0.0,,0.0,0.0,0.0
1402415831537866115,,15532,,1402415831,537485810,/base_link,,,,8.68559979082,12.1965040069,0.0,,3.39519326624e-313,0.0,3.24107063672e-321,1.0,,,0.0,0.0,0.0,,0.0,0.0,0.0,,,0.0,0.0,0.0,,0.0,0.0,0.0
1402415831557944161,,15533,,1402415831,557506848,/base_link,,,,8.68559979082,12.1965040069,0.0,,3.39519326624e-313,0.0,3.24107063672e-321,1.0,,,0.0,0.0,0.0,,0.0,0.0,0.0,,,0.0,0.0,0.0,,0.0,0.0,0.0
1402415831577847259,,15534,,1402415831,577478643,/base_link,,,,8.68559979082,12.1965040069,0.0,,3.39519326624e-313,0.0,3.24107063672e-321,1.0,,,0.0,0.0,0.0,,0.0,0.0,0.0,,,0.0,0.0,0.0,,0.0,0.0,0.0
1402415831597894597,,15535,,1402415831,597536658,/base_link,,,,8.68559979082,12.1965040069,0.0,,3.39519326624e-313,0.0,3.24107063672e-321,1.0,,,0.0,0.0,0.0,,0.0,0.0,0.0,,,0.0,0.0,0.0,,0.0,0.0,0.0
1402415831617893560,,15536,,1402415831,617494649,/base_link,,,,8.68559979082,12.1965040069,0.0,,3.39519326624e-313,0.0,3.24107063672e-321,1.0,,,0.0,0.0,0.0,,0.0,0.0,0.0,,,0.0,0.0,0.0,,0.0,0.0,0.0
1402415831637907695,,15537,,1402415831,637669416,/base_link,,,,8.68559979082,12.1965040069,0.0,,3.39519326624e-313,0.0,3.24107063672e-321,1.0,,,0.0,0.0,0.0,,0.0,0.0,0.0,,,0.0,0.0,0.0,,0.0,0.0,0.0
1402415831657941934,,15538,,1402415831,657592940,/base_link,,,,8.68559979082,12.1965040069,0.0,,3.39519326624e-313,0.0,3.24107063672e-321,1.0,,,0.0,0.0,0.0,,0.0,0.0,0.0,,,0.0,0.0,0.0,,0.0,0.0,0.0
1402415831678026338,,15539,,1402415831,677716951,/base_link,,,,8.68559979082,12.1965040069,0.0,,3.39519326624e-313,0.0,3.24107063672e-321,1.0,,,0.0,0.0,0.0,,0.0,0.0,0.0,,,0.0,0.0,0.0,,0.0,0.0,0.0
1402415831697881049,,15540,,1402415831,697525428,/base_link,,,,8.68559979082,12.1965040069,0.0,,3.39519326624e-313,0.0,3.24107063672e-321,1.0,,,0.0,0.0,0.0,,0.0,0.0,0.0,,,0.0,0.0,0.0,,0.0,0.0,0.0
1402415831717832471,,15541,,1402415831,717525947,/base_link,,,,8.68559979082,12.1965040069,0.0,,3.39519326624e-313,0.0,3.24107063672e-321,1.0,,,0.0,0.0,0.0,,0.0,0.0,0.0,,,0.0,0.0,0.0,,0.0,0.0,0.0
1402415831737878731,,15542,,1402415831,737528431,/base_link,,,,8.68559979082,12.1965040069,0.0,,3.39519326624e-313,0.0,3.24107063672e-321,1.0,,,0.0,0.0,0.0,,0.0,0.0,0.0,,,0.0,0.0,0.0,,0.0,0.0,0.0
1402415831757876987,,15543,,1402415831,757555726,/base_link,,,,8.68559979082,12.1965040069,0.0,,3.39519326624e-313,0.0,3.24107063672e-321,1.0,,,0.0,0.0,0.0,,0.0,0.0,0.0,,,0.0,0.0,0.0,,0.0,0.0,0.0
1402415831777851293,,15544,,1402415831,777576777,/base_link,,,,8.68559979082,12.1965040069,0.0,,3.39519326624e-313,0.0,3.24107063672e-321,1.0,,,0.0,0.0,0.0,,0.0,0.0,0.0,,,0.0,0.0,0.0,,0.0,0.0,0.0
1402415831797969095,,15545,,1402415831,797774683,/base_link,,,,8.68559979082,12.1965040069,0.0,,3.39519326624e-313,0.0,3.24107063672e-321,1.0,,,0.0,0.0,0.0,,0.0,0.0,0.0,,,0.0,0.0,0.0,,0.0,0.0,0.0
1402415831817975623,,15546,,1402415831,817627756,/base_link,,,,8.68559979082,12.1965040069,0.0,,3.39519326624e-313,0.0,3.24107063672e-321,1.0,,,0.0,0.0,0.0,,0.0,0.0,0.0,,,0.0,0.0,0.0,,0.0,0.0,0.0
1402415831837872406,,15547,,1402415831,837588782,/base_link,,,,8.68559979082,12.1965040069,0.0,,3.39519326624e-313,0.0,3.24107063672e-321,1.0,,,0.0,0.0,0.0,,0.0,0.0,0.0,,,0.0,0.0,0.0,,0.0,0.0,0.0
1402415831858067972,,15548,,1402415831,857775020,/base_link,,,,8.68559979082,12.1965040069,0.0,,3.39519326624e-313,0.0,3.24107063672e-321,1.0,,,0.0,0.0,0.0,,0.0,0.0,0.0,,,0.0,0.0,0.0,,0.0,0.0,0.0
1402415831878131780,,15549,,1402415831,877781784,/base_link,,,,8.68559979082,12.1965040069,0.0,,3.39519326624e-313,0.0,3.24107063672e-321,1.0,,,0.0,0.0,0.0,,0.0,0.0,0.0,,,0.0,0.0,0.0,,0.0,0.0,0.0
1402415831897823506,,15550,,1402415831,897628598,/base_link,,,,8.68559979082,12.1965040069,0.0,,3.39519326624e-313,0.0,3.24107063672e-321,1.0,,,0.0,0.0,0.0,,0.0,0.0,0.0,,,0.0,0.0,0.0,,0.0,0.0,0.0
1402415831917829623,,15551,,1402415831,917539240,/base_link,,,,8.68559979082,12.1965040069,0.0,,3.39519326624e-313,0.0,3.24107063672e-321,1.0,,,0.0,0.0,0.0,,0.0,0.0,0.0,,,0.0,0.0,0.0,,0.0,0.0,0.0
1402415831938002315,,15552,,1402415831,937691762,/base_link,,,,8.68559979082,12.1965040069,0.0,,3.39519326624e-313,0.0,3.24107063672e-321,1.0,,,0.0,0.0,0.0,,0.0,0.0,0.0,,,0.0,0.0,0.0,,0.0,0.0,0.0
1402415831958110785,,15553,,1402415831,957607307,/base_link,,,,8.68559979082,12.1965040069,0.0,,3.39519326624e-313,0.0,3.24107063672e-321,1.0,,,0.0,0.0,0.0,,0.0,0.0,0.0,,,0.0,0.0,0.0,,0.0,0.0,0.0
1402415831977976200,,15554,,1402415831,977555376,/base_link,,,,8.68559979082,12.1965040069,0.0,,3.39519326624e-313,0.0,3.24107063672e-321,1.0,,,0.0,0.0,0.0,,0.0,0.0,0.0,,,0.0,0.0,0.0,,0.0,0.0,0.0
1402415831997904935,,15555,,1402415831,997677239,/base_link,,,,8.68559979082,12.1965040069,0.0,,3.39519326624e-313,0.0,3.24107063672e-321,1.0,,,0.0,0.0,0.0,,0.0,0.0,0.0,,,0.0,0.0,0.0,,0.0,0.0,0.0
1402415832017973104,,15556,,1402415832,17588857,/base_link,,,,8.68559979082,12.1965040069,0.0,,3.39519326624e-313,0.0,3.24107063672e-321,1.0,,,0.0,0.0,0.0,,0.0,0.0,0.0,,,0.0,0.0,0.0,,0.0,0.0,0.0
1402415832037904106,,15557,,1402415832,37495374,/base_link,,,,8.68559979082,12.1965040069,0.0,,3.39519326624e-313,0.0,3.24107063672e-321,1.0,,,0.0,0.0,0.0,,0.0,0.0,0.0,,,0.0,0.0,0.0,,0.0,0.0,0.0
1402415832057906949,,15558,,1402415832,57530781,/base_link,,,,8.68559979082,12.1965040069,0.0,,3.39519326624e-313,0.0,3.24107063672e-321,1.0,,,0.0,0.0,0.0,,0.0,0.0,0.0,,,0.0,0.0,0.0,,0.0,0.0,0.0
1402415832077881137,,15559,,1402415832,77598123,/base_link,,,,8.68559979082,12.1965040069,0.0,,3.39519326624e-313,0.0,3.24107063672e-321,1.0,,,0.0,0.0,0.0,,0.0,0.0,0.0,,,0.0,0.0,0.0,,0.0,0.0,0.0
1402415832097935718,,15560,,1402415832,97698543,/base_link,,,,8.68559979082,12.1965040069,0.0,,3.39519326624e-313,0.0,3.24107063672e-321,1.0,,,0.0,0.0,0.0,,0.0,0.0,0.0,,,0.0,0.0,0.0,,0.0,0.0,0.0
1402415832118088242,,15561,,1402415832,117762121,/base_link,,,,8.68559979082,12.1965040069,0.0,,3.39519326624e-313,0.0,3.24107063672e-321,1.0,,,0.0,0.0,0.0,,0.0,0.0,0.0,,,0.0,0.0,0.0,,0.0,0.0,0.0
1402415832138089100,,15562,,1402415832,137840286,/base_link,,,,8.68559979082,12.1965040069,0.0,,3.39519326624e-313,0.0,3.24107063672e-321,1.0,,,0.0,0.0,0.0,,0.0,0.0,0.0,,,0.0,0.0,0.0,,0.0,0.0,0.0
1402415832157969512,,15563,,1402415832,157669784,/base_link,,,,8.68559979082,12.1965040069,0.0,,3.39519326624e-313,0.0,3.24107063672e-321,1.0,,,0.0,0.0,0.0,,0.0,0.0,0.0,,,0.0,0.0,0.0,,0.0,0.0,0.0
1402415832177900330,,15564,,1402415832,177673568,/base_link,,,,8.68559979082,12.1965040069,0.0,,3.39519326624e-313,0.0,3.24107063672e-321,1.0,,,0.0,0.0,0.0,,0.0,0.0,0.0,,,0.0,0.0,0.0,,0.0,0.0,0.0
1402415832197845470,,15565,,1402415832,197511949,/base_link,,,,8.68559979082,12.1965040069,0.0,,3.39519326624e-313,0.0,3.24107063672e-321,1.0,,,0.0,0.0,0.0,,0.0,0.0,0.0,,,0.0,0.0,0.0,,0.0,0.0,0.0
1402415832217836038,,15566,,1402415832,217566630,/base_link,,,,8.68559979082,12.1965040069,0.0,,3.39519326624e-313,0.0,3.24107063672e-321,1.0,,,0.0,0.0,0.0,,0.0,0.0,0.0,,,0.0,0.0,0.0,,0.0,0.0,0.0
1402415832237881240,,15567,,1402415832,237521953,/base_link,,,,8.68559979082,12.1965040069,0.0,,3.39519326624e-313,0.0,3.24107063672e-321,1.0,,,0.0,0.0,0.0,,0.0,0.0,0.0,,,0.0,0.0,0.0,,0.0,0.0,0.0
1402415832257891967,,15568,,1402415832,257555326,/base_link,,,,8.68559979082,12.1965040069,0.0,,3.39519326624e-313,0.0,3.24107063672e-321,1.0,,,0.0,0.0,0.0,,0.0,0.0,0.0,,,0.0,0.0,0.0,,0.0,0.0,0.0
1402415832277964576,,15569,,1402415832,277701391,/base_link,,,,8.68559979082,12.1965040069,0.0,,3.39519326624e-313,0.0,3.24107063672e-321,1.0,,,0.0,0.0,0.0,,0.0,0.0,0.0,,,0.0,0.0,0.0,,0.0,0.0,0.0
1402415832297905731,,15570,,1402415832,297518684,/base_link,,,,8.68559979082,12.1965040069,0.0,,3.39519326624e-313,0.0,3.24107063672e-321,1.0,,,0.0,0.0,0.0,,0.0,0.0,0.0,,,0.0,0.0,0.0,,0.0,0.0,0.0
1402415832317937830,,15571,,1402415832,317536888,/base_link,,,,8.68559979082,12.1965040069,0.0,,3.39519326624e-313,0.0,3.24107063672e-321,1.0,,,0.0,0.0,0.0,,0.0,0.0,0.0,,,0.0,0.0,0.0,,0.0,0.0,0.0
1402415832337844288,,15572,,1402415832,337673848,/base_link,,,,8.68559979082,12.1965040069,0.0,,3.39519326624e-313,0.0,3.24107063672e-321,1.0,,,0.0,0.0,0.0,,0.0,0.0,0.0,,,0.0,0.0,0.0,,0.0,0.0,0.0
1402415832357942590,,15573,,1402415832,357596020,/base_link,,,,8.68559979082,12.1965040069,0.0,,3.39519326624e-313,0.0,3.24107063672e-321,1.0,,,0.0,0.0,0.0,,0.0,0.0,0.0,,,0.0,0.0,0.0,,0.0,0.0,0.0
1402415832377934781,,15574,,1402415832,377603746,/base_link,,,,8.68559979082,12.1965040069,0.0,,3.39519326624e-313,0.0,3.24107063672e-321,1.0,,,0.0,0.0,0.0,,0.0,0.0,0.0,,,0.0,0.0,0.0,,0.0,0.0,0.0
1402415832397938455,,15575,,1402415832,397622007,/base_link,,,,8.68559979082,12.1965040069,0.0,,3.39519326624e-313,0.0,3.24107063672e-321,1.0,,,0.0,0.0,0.0,,0.0,0.0,0.0,,,0.0,0.0,0.0,,0.0,0.0,0.0
1402415832417993973,,15576,,1402415832,417603699,/base_link,,,,8.68559979082,12.1965040069,0.0,,3.39519326624e-313,0.0,3.24107063672e-321,1.0,,,0.0,0.0,0.0,,0.0,0.0,0.0,,,0.0,0.0,0.0,,0.0,0.0,0.0
1402415832437888329,,15577,,1402415832,437507723,/base_link,,,,8.68559979082,12.1965040069,0.0,,3.39519326624e-313,0.0,3.24107063672e-321,1.0,,,0.0,0.0,0.0,,0.0,0.0,0.0,,,0.0,0.0,0.0,,0.0,0.0,0.0
1402415832457902003,,15578,,1402415832,457572790,/base_link,,,,8.68559979082,12.1965040069,0.0,,3.39519326624e-313,0.0,3.24107063672e-321,1.0,,,0.0,0.0,0.0,,0.0,0.0,0.0,,,0.0,0.0,0.0,,0.0,0.0,0.0
1402415832477987158,,15579,,1402415832,477700671,/base_link,,,,8.68559979082,12.1965040069,0.0,,3.39519326624e-313,0.0,3.24107063672e-321,1.0,,,0.0,0.0,0.0,,0.0,0.0,0.0,,,0.0,0.0,0.0,,0.0,0.0,0.0
1402415832497941300,,15580,,1402415832,497522733,/base_link,,,,8.68559979082,12.1965040069,0.0,,3.39519326624e-313,0.0,3.24107063672e-321,1.0,,,0.0,0.0,0.0,,0.0,0.0,0.0,,,0.0,0.0,0.0,,0.0,0.0,0.0
1402415832517859111,,15581,,1402415832,517653390,/base_link,,,,8.68559979082,12.1965040069,0.0,,3.39519326624e-313,0.0,3.24107063672e-321,1.0,,,0.0,0.0,0.0,,0.0,0.0,0.0,,,0.0,0.0,0.0,,0.0,0.0,0.0
1402415832537878992,,15582,,1402415832,537627445,/base_link,,,,8.68559979082,12.1965040069,0.0,,3.39519326624e-313,0.0,3.24107063672e-321,1.0,,,0.0,0.0,0.0,,0.0,0.0,0.0,,,0.0,0.0,0.0,,0.0,0.0,0.0
1402415832557853455,,15583,,1402415832,557539370,/base_link,,,,8.68559979082,12.1965040069,0.0,,3.39519326624e-313,0.0,3.24107063672e-321,1.0,,,0.0,0.0,0.0,,0.0,0.0,0.0,,,0.0,0.0,0.0,,0.0,0.0,0.0
1402415832577824978,,15584,,1402415832,577499044,/base_link,,,,8.68559979082,12.1965040069,0.0,,3.39519326624e-313,0.0,3.24107063672e-321,1.0,,,0.0,0.0,0.0,,0.0,0.0,0.0,,,0.0,0.0,0.0,,0.0,0.0,0.0
1402415832597860308,,15585,,1402415832,597514932,/base_link,,,,8.68559979082,12.1965040069,0.0,,3.39519326624e-313,0.0,3.24107063672e-321,1.0,,,0.0,0.0,0.0,,0.0,0.0,0.0,,,0.0,0.0,0.0,,0.0,0.0,0.0
1402415832617912037,,15586,,1402415832,617544484,/base_link,,,,8.68559979082,12.1965040069,0.0,,3.39519326624e-313,0.0,3.24107063672e-321,1.0,,,0.0,0.0,0.0,,0.0,0.0,0.0,,,0.0,0.0,0.0,,0.0,0.0,0.0
1402415832637815925,,15587,,1402415832,637543643,/base_link,,,,8.68559979082,12.1965040069,0.0,,3.39519326624e-313,0.0,3.24107063672e-321,1.0,,,0.0,0.0,0.0,,0.0,0.0,0.0,,,0.0,0.0,0.0,,0.0,0.0,0.0
1402415832657836005,,15588,,1402415832,657504848,/base_link,,,,8.68559979082,12.1965040069,0.0,,3.39519326624e-313,0.0,3.24107063672e-321,1.0,,,0.0,0.0,0.0,,0.0,0.0,0.0,,,0.0,0.0,0.0,,0.0,0.0,0.0
1402415832677864743,,15589,,1402415832,677528609,/base_link,,,,8.68559979082,12.1965040069,0.0,,3.39519326624e-313,0.0,3.24107063672e-321,1.0,,,0.0,0.0,0.0,,0.0,0.0,0.0,,,0.0,0.0,0.0,,0.0,0.0,0.0
1402415832697934196,,15590,,1402415832,697542714,/base_link,,,,8.68559979082,12.1965040069,0.0,,3.39519326624e-313,0.0,3.24107063672e-321,1.0,,,0.0,0.0,0.0,,0.0,0.0,0.0,,,0.0,0.0,0.0,,0.0,0.0,0.0
1402415832718010073,,15591,,1402415832,717551748,/base_link,,,,8.68559979082,12.1965040069,0.0,,3.39519326624e-313,0.0,3.24107063672e-321,1.0,,,0.0,0.0,0.0,,0.0,0.0,0.0,,,0.0,0.0,0.0,,0.0,0.0,0.0
1402415832737981474,,15592,,1402415832,737655807,/base_link,,,,8.68559979082,12.1965040069,0.0,,3.39519326624e-313,0.0,3.24107063672e-321,1.0,,,0.0,0.0,0.0,,0.0,0.0,0.0,,,0.0,0.0,0.0,,0.0,0.0,0.0
1402415832757949242,,15593,,1402415832,757590353,/base_link,,,,8.68559979082,12.1965040069,0.0,,3.39519326624e-313,0.0,3.24107063672e-321,1.0,,,0.0,0.0,0.0,,0.0,0.0,0.0,,,0.0,0.0,0.0,,0.0,0.0,0.0
1402415832777876602,,15594,,1402415832,777489981,/base_link,,,,8.68559979082,12.1965040069,0.0,,3.39519326624e-313,0.0,3.24107063672e-321,1.0,,,0.0,0.0,0.0,,0.0,0.0,0.0,,,0.0,0.0,0.0,,0.0,0.0,0.0
1402415832798015358,,15595,,1402415832,797597415,/base_link,,,,8.68559979082,12.1965040069,0.0,,3.39519326624e-313,0.0,3.24107063672e-321,1.0,,,0.0,0.0,0.0,,0.0,0.0,0.0,,,0.0,0.0,0.0,,0.0,0.0,0.0
1402415832817999738,,15596,,1402415832,817508810,/base_link,,,,8.68559979082,12.1965040069,0.0,,3.39519326624e-313,0.0,3.24107063672e-321,1.0,,,0.0,0.0,0.0,,0.0,0.0,0.0,,,0.0,0.0,0.0,,0.0,0.0,0.0
1402415832837834273,,15597,,1402415832,837516971,/base_link,,,,8.68559979082,12.1965040069,0.0,,3.39519326624e-313,0.0,3.24107063672e-321,1.0,,,0.0,0.0,0.0,,0.0,0.0,0.0,,,0.0,0.0,0.0,,0.0,0.0,0.0
1402415832857844687,,15598,,1402415832,857539535,/base_link,,,,8.68559979082,12.1965040069,0.0,,3.39519326624e-313,0.0,3.24107063672e-321,1.0,,,0.0,0.0,0.0,,0.0,0.0,0.0,,,0.0,0.0,0.0,,0.0,0.0,0.0
1402415832877895701,,15599,,1402415832,877499857,/base_link,,,,8.68559979082,12.1965040069,0.0,,3.39519326624e-313,0.0,3.24107063672e-321,1.0,,,0.0,0.0,0.0,,0.0,0.0,0.0,,,0.0,0.0,0.0,,0.0,0.0,0.0
1402415832897813061,,15600,,1402415832,897591784,/base_link,,,,8.68559979082,12.1965040069,0.0,,3.39519326624e-313,0.0,3.24107063672e-321,1.0,,,0.0,0.0,0.0,,0.0,0.0,0.0,,,0.0,0.0,0.0,,0.0,0.0,0.0
1402415832917892041,,15601,,1402415832,917576783,/base_link,,,,8.68559979082,12.1965040069,0.0,,3.39519326624e-313,0.0,3.24107063672e-321,1.0,,,0.0,0.0,0.0,,0.0,0.0,0.0,,,0.0,0.0,0.0,,0.0,0.0,0.0
1402415832937893830,,15602,,1402415832,937505368,/base_link,,,,8.68559979082,12.1965040069,0.0,,3.39519326624e-313,0.0,3.24107063672e-321,1.0,,,0.0,0.0,0.0,,0.0,0.0,0.0,,,0.0,0.0,0.0,,0.0,0.0,0.0
1402415832957961799,,15603,,1402415832,957505685,/base_link,,,,8.68559979082,12.1965040069,0.0,,3.39519326624e-313,0.0,3.24107063672e-321,1.0,,,0.0,0.0,0.0,,0.0,0.0,0.0,,,0.0,0.0,0.0,,0.0,0.0,0.0
1402415832978040852,,15604,,1402415832,977711377,/base_link,,,,8.68559979082,12.1965040069,0.0,,3.39519326624e-313,0.0,3.24107063672e-321,1.0,,,0.0,0.0,0.0,,0.0,0.0,0.0,,,0.0,0.0,0.0,,0.0,0.0,0.0
1402415832997948093,,15605,,1402415832,997688273,/base_link,,,,8.68559979082,12.1965040069,0.0,,3.39519326624e-313,0.0,3.24107063672e-321,1.0,,,0.0,0.0,0.0,,0.0,0.0,0.0,,,0.0,0.0,0.0,,0.0,0.0,0.0
1402415833017794153,,15606,,1402415833,17490683,/base_link,,,,8.68559979082,12.1965040069,0.0,,3.39519326624e-313,0.0,3.24107063672e-321,1.0,,,0.0,0.0,0.0,,0.0,0.0,0.0,,,0.0,0.0,0.0,,0.0,0.0,0.0
1402415833037812922,,15607,,1402415833,37520303,/base_link,,,,8.68559979082,12.1965040069,0.0,,3.39519326624e-313,0.0,3.24107063672e-321,1.0,,,0.0,0.0,0.0,,0.0,0.0,0.0,,,0.0,0.0,0.0,,0.0,0.0,0.0
1402415833057849533,,15608,,1402415833,57538266,/base_link,,,,8.68559979082,12.1965040069,0.0,,3.39519326624e-313,0.0,3.24107063672e-321,1.0,,,0.0,0.0,0.0,,0.0,0.0,0.0,,,0.0,0.0,0.0,,0.0,0.0,0.0
1402415833077972460,,15609,,1402415833,77616270,/base_link,,,,8.68559979082,12.1965040069,0.0,,3.39519326624e-313,0.0,3.24107063672e-321,1.0,,,0.0,0.0,0.0,,0.0,0.0,0.0,,,0.0,0.0,0.0,,0.0,0.0,0.0
1402415833097905044,,15610,,1402415833,97596570,/base_link,,,,8.68559979082,12.1965040069,0.0,,3.39519326624e-313,0.0,3.24107063672e-321,1.0,,,0.0,0.0,0.0,,0.0,0.0,0.0,,,0.0,0.0,0.0,,0.0,0.0,0.0
1402415833117837490,,15611,,1402415833,117660483,/base_link,,,,8.68559979082,12.1965040069,0.0,,3.39519326624e-313,0.0,3.24107063672e-321,1.0,,,0.0,0.0,0.0,,0.0,0.0,0.0,,,0.0,0.0,0.0,,0.0,0.0,0.0
1402415833137843810,,15612,,1402415833,137568257,/base_link,,,,8.68559979082,12.1965040069,0.0,,3.39519326624e-313,0.0,3.24107063672e-321,1.0,,,0.0,0.0,0.0,,0.0,0.0,0.0,,,0.0,0.0,0.0,,0.0,0.0,0.0
1402415833157813943,,15613,,1402415833,157521232,/base_link,,,,8.68559979082,12.1965040069,0.0,,3.39519326624e-313,0.0,3.24107063672e-321,1.0,,,0.0,0.0,0.0,,0.0,0.0,0.0,,,0.0,0.0,0.0,,0.0,0.0,0.0
1402415833177987705,,15614,,1402415833,177526260,/base_link,,,,8.68559979082,12.1965040069,0.0,,3.39519326624e-313,0.0,3.24107063672e-321,1.0,,,0.0,0.0,0.0,,0.0,0.0,0.0,,,0.0,0.0,0.0,,0.0,0.0,0.0
1402415833197807103,,15615,,1402415833,197517340,/base_link,,,,8.68559979082,12.1965040069,0.0,,3.39519326624e-313,0.0,3.24107063672e-321,1.0,,,0.0,0.0,0.0,,0.0,0.0,0.0,,,0.0,0.0,0.0,,0.0,0.0,0.0
1402415833217966264,,15616,,1402415833,217506323,/base_link,,,,8.68559979082,12.1965040069,0.0,,3.39519326624e-313,0.0,3.24107063672e-321,1.0,,,0.0,0.0,0.0,,0.0,0.0,0.0,,,0.0,0.0,0.0,,0.0,0.0,0.0
1402415833237936503,,15617,,1402415833,237499230,/base_link,,,,8.68559979082,12.1965040069,0.0,,3.39519326624e-313,0.0,3.24107063672e-321,1.0,,,0.0,0.0,0.0,,0.0,0.0,0.0,,,0.0,0.0,0.0,,0.0,0.0,0.0
1402415833258044318,,15618,,1402415833,257610181,/base_link,,,,8.68559979082,12.1965040069,0.0,,3.39519326624e-313,0.0,3.24107063672e-321,1.0,,,0.0,0.0,0.0,,0.0,0.0,0.0,,,0.0,0.0,0.0,,0.0,0.0,0.0
1402415833277947224,,15619,,1402415833,277688646,/base_link,,,,8.68559979082,12.1965040069,0.0,,3.39519326624e-313,0.0,3.24107063672e-321,1.0,,,0.0,0.0,0.0,,0.0,0.0,0.0,,,0.0,0.0,0.0,,0.0,0.0,0.0
1402415833297927712,,15620,,1402415833,297654938,/base_link,,,,8.68559979082,12.1965040069,0.0,,3.39519326624e-313,0.0,3.24107063672e-321,1.0,,,0.0,0.0,0.0,,0.0,0.0,0.0,,,0.0,0.0,0.0,,0.0,0.0,0.0
1402415833318027033,,15621,,1402415833,317772311,/base_link,,,,8.68559979082,12.1965040069,0.0,,3.39519326624e-313,0.0,3.24107063672e-321,1.0,,,0.0,0.0,0.0,,0.0,0.0,0.0,,,0.0,0.0,0.0,,0.0,0.0,0.0
1402415833337879496,,15622,,1402415833,337597258,/base_link,,,,8.68559979082,12.1965040069,0.0,,3.39519326624e-313,0.0,3.24107063672e-321,1.0,,,0.0,0.0,0.0,,0.0,0.0,0.0,,,0.0,0.0,0.0,,0.0,0.0,0.0
1402415833358065145,,15623,,1402415833,357736055,/base_link,,,,8.68559979082,12.1965040069,0.0,,3.39519326624e-313,0.0,3.24107063672e-321,1.0,,,0.0,0.0,0.0,,0.0,0.0,0.0,,,0.0,0.0,0.0,,0.0,0.0,0.0
1402415833377856496,,15624,,1402415833,377544699,/base_link,,,,8.68559979082,12.1965040069,0.0,,3.39519326624e-313,0.0,3.24107063672e-321,1.0,,,0.0,0.0,0.0,,0.0,0.0,0.0,,,0.0,0.0,0.0,,0.0,0.0,0.0
1402415833397797372,,15625,,1402415833,397569608,/base_link,,,,8.68559979082,12.1965040069,0.0,,3.39519326624e-313,0.0,3.24107063672e-321,1.0,,,0.0,0.0,0.0,,0.0,0.0,0.0,,,0.0,0.0,0.0,,0.0,0.0,0.0
1402415833417837069,,15626,,1402415833,417582413,/base_link,,,,8.68559979082,12.1965040069,0.0,,3.39519326624e-313,0.0,3.24107063672e-321,1.0,,,0.0,0.0,0.0,,0.0,0.0,0.0,,,0.0,0.0,0.0,,0.0,0.0,0.0
1402415833437866267,,15627,,1402415833,437545485,/base_link,,,,8.68559979082,12.1965040069,0.0,,3.39519326624e-313,0.0,3.24107063672e-321,1.0,,,0.0,0.0,0.0,,0.0,0.0,0.0,,,0.0,0.0,0.0,,0.0,0.0,0.0
1402415833457946001,,15628,,1402415833,457569026,/base_link,,,,8.68559979082,12.1965040069,0.0,,3.39519326624e-313,0.0,3.24107063672e-321,1.0,,,0.0,0.0,0.0,,0.0,0.0,0.0,,,0.0,0.0,0.0,,0.0,0.0,0.0
1402415833477793784,,15629,,1402415833,477525037,/base_link,,,,8.68559979082,12.1965040069,0.0,,3.39519326624e-313,0.0,3.24107063672e-321,1.0,,,0.0,0.0,0.0,,0.0,0.0,0.0,,,0.0,0.0,0.0,,0.0,0.0,0.0
1402415833497976255,,15630,,1402415833,497558658,/base_link,,,,8.68559979082,12.1965040069,0.0,,3.39519326624e-313,0.0,3.24107063672e-321,1.0,,,0.0,0.0,0.0,,0.0,0.0,0.0,,,0.0,0.0,0.0,,0.0,0.0,0.0
1402415833518314314,,15631,,1402415833,518010878,/base_link,,,,8.68559979082,12.1965040069,0.0,,3.39519326624e-313,0.0,3.24107063672e-321,1.0,,,0.0,0.0,0.0,,0.0,0.0,0.0,,,0.0,0.0,0.0,,0.0,0.0,0.0
1402415833537961952,,15632,,1402415833,537568170,/base_link,,,,8.68559979082,12.1965040069,0.0,,3.39519326624e-313,0.0,3.24107063672e-321,1.0,,,0.0,0.0,0.0,,0.0,0.0,0.0,,,0.0,0.0,0.0,,0.0,0.0,0.0
1402415833557800897,,15633,,1402415833,557545110,/base_link,,,,8.68559979082,12.1965040069,0.0,,3.39519326624e-313,0.0,3.24107063672e-321,1.0,,,0.0,0.0,0.0,,0.0,0.0,0.0,,,0.0,0.0,0.0,,0.0,0.0,0.0
1402415833577815092,,15634,,1402415833,577574862,/base_link,,,,8.68559979082,12.1965040069,0.0,,3.39519326624e-313,0.0,3.24107063672e-321,1.0,,,0.0,0.0,0.0,,0.0,0.0,0.0,,,0.0,0.0,0.0,,0.0,0.0,0.0
1402415833598012479,,15635,,1402415833,597644236,/base_link,,,,8.68559979082,12.1965040069,0.0,,3.39519326624e-313,0.0,3.24107063672e-321,1.0,,,0.0,0.0,0.0,,0.0,0.0,0.0,,,0.0,0.0,0.0,,0.0,0.0,0.0
1402415833617898082,,15636,,1402415833,617518131,/base_link,,,,8.68559979082,12.1965040069,0.0,,3.39519326624e-313,0.0,3.24107063672e-321,1.0,,,0.0,0.0,0.0,,0.0,0.0,0.0,,,0.0,0.0,0.0,,0.0,0.0,0.0
1402415833637981173,,15637,,1402415833,637675336,/base_link,,,,8.68559979082,12.1965040069,0.0,,3.39519326624e-313,0.0,3.24107063672e-321,1.0,,,0.0,0.0,0.0,,0.0,0.0,0.0,,,0.0,0.0,0.0,,0.0,0.0,0.0
1402415833657843673,,15638,,1402415833,657476383,/base_link,,,,8.68559979082,12.1965040069,0.0,,3.39519326624e-313,0.0,3.24107063672e-321,1.0,,,0.0,0.0,0.0,,0.0,0.0,0.0,,,0.0,0.0,0.0,,0.0,0.0,0.0
1402415833677919621,,15639,,1402415833,677564951,/base_link,,,,8.68559979082,12.1965040069,0.0,,3.39519326624e-313,0.0,3.24107063672e-321,1.0,,,0.0,0.0,0.0,,0.0,0.0,0.0,,,0.0,0.0,0.0,,0.0,0.0,0.0
1402415833697938531,,15640,,1402415833,697685586,/base_link,,,,8.68559979082,12.1965040069,0.0,,3.39519326624e-313,0.0,3.24107063672e-321,1.0,,,0.0,0.0,0.0,,0.0,0.0,0.0,,,0.0,0.0,0.0,,0.0,0.0,0.0
1402415833717862622,,15641,,1402415833,717571823,/base_link,,,,8.68559979082,12.1965040069,0.0,,3.39519326624e-313,0.0,3.24107063672e-321,1.0,,,0.0,0.0,0.0,,0.0,0.0,0.0,,,0.0,0.0,0.0,,0.0,0.0,0.0
1402415833737897816,,15642,,1402415833,737512833,/base_link,,,,8.68559979082,12.1965040069,0.0,,3.39519326624e-313,0.0,3.24107063672e-321,1.0,,,0.0,0.0,0.0,,0.0,0.0,0.0,,,0.0,0.0,0.0,,0.0,0.0,0.0
1402415833757884821,,15643,,1402415833,757498568,/base_link,,,,8.68559979082,12.1965040069,0.0,,3.39519326624e-313,0.0,3.24107063672e-321,1.0,,,0.0,0.0,0.0,,0.0,0.0,0.0,,,0.0,0.0,0.0,,0.0,0.0,0.0
1402415833777837742,,15644,,1402415833,777492088,/base_link,,,,8.68559979082,12.1965040069,0.0,,3.39519326624e-313,0.0,3.24107063672e-321,1.0,,,0.0,0.0,0.0,,0.0,0.0,0.0,,,0.0,0.0,0.0,,0.0,0.0,0.0
1402415833797934873,,15645,,1402415833,797567746,/base_link,,,,8.68559979082,12.1965040069,0.0,,3.39519326624e-313,0.0,3.24107063672e-321,1.0,,,0.0,0.0,0.0,,0.0,0.0,0.0,,,0.0,0.0,0.0,,0.0,0.0,0.0
1402415833818800568,,15646,,1402415833,817995096,/base_link,,,,8.68559979082,12.1965040069,0.0,,3.39519326624e-313,0.0,3.24107063672e-321,1.0,,,0.0,0.0,0.0,,0.0,0.0,0.0,,,0.0,0.0,0.0,,0.0,0.0,0.0
1402415833837990464,,15647,,1402415833,837653981,/base_link,,,,8.68559979082,12.1965040069,0.0,,3.39519326624e-313,0.0,3.24107063672e-321,1.0,,,0.0,0.0,0.0,,0.0,0.0,0.0,,,0.0,0.0,0.0,,0.0,0.0,0.0
1402415833857784135,,15648,,1402415833,857507007,/base_link,,,,8.68559979082,12.1965040069,0.0,,3.39519326624e-313,0.0,3.24107063672e-321,1.0,,,0.0,0.0,0.0,,0.0,0.0,0.0,,,0.0,0.0,0.0,,0.0,0.0,0.0
1402415833877955602,,15649,,1402415833,877560853,/base_link,,,,8.68559979082,12.1965040069,0.0,,3.39519326624e-313,0.0,3.24107063672e-321,1.0,,,0.0,0.0,0.0,,0.0,0.0,0.0,,,0.0,0.0,0.0,,0.0,0.0,0.0
1402415833897699165,,15650,,1402415833,897506429,/base_link,,,,8.68559979082,12.1965040069,0.0,,3.39519326624e-313,0.0,3.24107063672e-321,1.0,,,0.0,0.0,0.0,,0.0,0.0,0.0,,,0.0,0.0,0.0,,0.0,0.0,0.0
1402415833917906564,,15651,,1402415833,917596423,/base_link,,,,8.68559979082,12.1965040069,0.0,,3.39519326624e-313,0.0,3.24107063672e-321,1.0,,,0.0,0.0,0.0,,0.0,0.0,0.0,,,0.0,0.0,0.0,,0.0,0.0,0.0
1402415833937855469,,15652,,1402415833,937485714,/base_link,,,,8.68559979082,12.1965040069,0.0,,3.39519326624e-313,0.0,3.24107063672e-321,1.0,,,0.0,0.0,0.0,,0.0,0.0,0.0,,,0.0,0.0,0.0,,0.0,0.0,0.0
1402415833957841904,,15653,,1402415833,957561816,/base_link,,,,8.68559979082,12.1965040069,0.0,,3.39519326624e-313,0.0,3.24107063672e-321,1.0,,,0.0,0.0,0.0,,0.0,0.0,0.0,,,0.0,0.0,0.0,,0.0,0.0,0.0
1402415833977780781,,15654,,1402415833,977502602,/base_link,,,,8.68559979082,12.1965040069,0.0,,3.39519326624e-313,0.0,3.24107063672e-321,1.0,,,0.0,0.0,0.0,,0.0,0.0,0.0,,,0.0,0.0,0.0,,0.0,0.0,0.0
1402415833997877864,,15655,,1402415833,997556193,/base_link,,,,8.68559979082,12.1965040069,0.0,,3.39519326624e-313,0.0,3.24107063672e-321,1.0,,,0.0,0.0,0.0,,0.0,0.0,0.0,,,0.0,0.0,0.0,,0.0,0.0,0.0
1402415834018003730,,15656,,1402415834,17613206,/base_link,,,,8.68559979082,12.1965040069,0.0,,3.39519326624e-313,0.0,3.24107063672e-321,1.0,,,0.0,0.0,0.0,,0.0,0.0,0.0,,,0.0,0.0,0.0,,0.0,0.0,0.0
1402415834038009851,,15657,,1402415834,37566521,/base_link,,,,8.68559979082,12.1965040069,0.0,,3.39519326624e-313,0.0,3.24107063672e-321,1.0,,,0.0,0.0,0.0,,0.0,0.0,0.0,,,0.0,0.0,0.0,,0.0,0.0,0.0
1402415834057839609,,15658,,1402415834,57508498,/base_link,,,,8.68559979082,12.1965040069,0.0,,3.39519326624e-313,0.0,3.24107063672e-321,1.0,,,0.0,0.0,0.0,,0.0,0.0,0.0,,,0.0,0.0,0.0,,0.0,0.0,0.0
1402415834077899382,,15659,,1402415834,77652578,/base_link,,,,8.68559979082,12.1965040069,0.0,,3.39519326624e-313,0.0,3.24107063672e-321,1.0,,,0.0,0.0,0.0,,0.0,0.0,0.0,,,0.0,0.0,0.0,,0.0,0.0,0.0
1402415834097916905,,15660,,1402415834,97595482,/base_link,,,,8.68559979082,12.1965040069,0.0,,3.39519326624e-313,0.0,3.24107063672e-321,1.0,,,0.0,0.0,0.0,,0.0,0.0,0.0,,,0.0,0.0,0.0,,0.0,0.0,0.0
1402415834117862821,,15661,,1402415834,117579860,/base_link,,,,8.68559979082,12.1965040069,0.0,,3.39519326624e-313,0.0,3.24107063672e-321,1.0,,,0.0,0.0,0.0,,0.0,0.0,0.0,,,0.0,0.0,0.0,,0.0,0.0,0.0
1402415834137844625,,15662,,1402415834,137607370,/base_link,,,,8.68559979082,12.1965040069,0.0,,3.39519326624e-313,0.0,3.24107063672e-321,1.0,,,0.0,0.0,0.0,,0.0,0.0,0.0,,,0.0,0.0,0.0,,0.0,0.0,0.0
1402415834157986362,,15663,,1402415834,157535084,/base_link,,,,8.68559979082,12.1965040069,0.0,,3.39519326624e-313,0.0,3.24107063672e-321,1.0,,,0.0,0.0,0.0,,0.0,0.0,0.0,,,0.0,0.0,0.0,,0.0,0.0,0.0
1402415834177937296,,15664,,1402415834,177565000,/base_link,,,,8.68559979082,12.1965040069,0.0,,3.39519326624e-313,0.0,3.24107063672e-321,1.0,,,0.0,0.0,0.0,,0.0,0.0,0.0,,,0.0,0.0,0.0,,0.0,0.0,0.0
1402415834197821331,,15665,,1402415834,197549668,/base_link,,,,8.68559979082,12.1965040069,0.0,,3.39519326624e-313,0.0,3.24107063672e-321,1.0,,,0.0,0.0,0.0,,0.0,0.0,0.0,,,0.0,0.0,0.0,,0.0,0.0,0.0
1402415834217925747,,15666,,1402415834,217563688,/base_link,,,,8.68559979082,12.1965040069,0.0,,3.39519326624e-313,0.0,3.24107063672e-321,1.0,,,0.0,0.0,0.0,,0.0,0.0,0.0,,,0.0,0.0,0.0,,0.0,0.0,0.0
1402415834237967183,,15667,,1402415834,237518795,/base_link,,,,8.68559979082,12.1965040069,0.0,,3.39519326624e-313,0.0,3.24107063672e-321,1.0,,,0.0,0.0,0.0,,0.0,0.0,0.0,,,0.0,0.0,0.0,,0.0,0.0,0.0
1402415834257843271,,15668,,1402415834,257545023,/base_link,,,,8.68559979082,12.1965040069,0.0,,3.39519326624e-313,0.0,3.24107063672e-321,1.0,,,0.0,0.0,0.0,,0.0,0.0,0.0,,,0.0,0.0,0.0,,0.0,0.0,0.0
1402415834277789005,,15669,,1402415834,277542265,/base_link,,,,8.68559979082,12.1965040069,0.0,,3.39519326624e-313,0.0,3.24107063672e-321,1.0,,,0.0,0.0,0.0,,0.0,0.0,0.0,,,0.0,0.0,0.0,,0.0,0.0,0.0
1402415834297892437,,15670,,1402415834,297552976,/base_link,,,,8.68559979082,12.1965040069,0.0,,3.39519326624e-313,0.0,3.24107063672e-321,1.0,,,0.0,0.0,0.0,,0.0,0.0,0.0,,,0.0,0.0,0.0,,0.0,0.0,0.0
1402415834317900975,,15671,,1402415834,317689680,/base_link,,,,8.68559979082,12.1965040069,0.0,,3.39519326624e-313,0.0,3.24107063672e-321,1.0,,,0.0,0.0,0.0,,0.0,0.0,0.0,,,0.0,0.0,0.0,,0.0,0.0,0.0
1402415834337925701,,15672,,1402415834,337527274,/base_link,,,,8.68559979082,12.1965040069,0.0,,3.39519326624e-313,0.0,3.24107063672e-321,1.0,,,0.0,0.0,0.0,,0.0,0.0,0.0,,,0.0,0.0,0.0,,0.0,0.0,0.0
1402415834357999903,,15673,,1402415834,357498763,/base_link,,,,8.68559979082,12.1965040069,0.0,,3.39519326624e-313,0.0,3.24107063672e-321,1.0,,,0.0,0.0,0.0,,0.0,0.0,0.0,,,0.0,0.0,0.0,,0.0,0.0,0.0
1402415834378194972,,15674,,1402415834,377641957,/base_link,,,,8.68559979082,12.1965040069,0.0,,3.39519326624e-313,0.0,3.24107063672e-321,1.0,,,0.0,0.0,0.0,,0.0,0.0,0.0,,,0.0,0.0,0.0,,0.0,0.0,0.0
1402415834397954874,,15675,,1402415834,397519044,/base_link,,,,8.68559979082,12.1965040069,0.0,,3.39519326624e-313,0.0,3.24107063672e-321,1.0,,,0.0,0.0,0.0,,0.0,0.0,0.0,,,0.0,0.0,0.0,,0.0,0.0,0.0
1402415834417877785,,15676,,1402415834,417564596,/base_link,,,,8.68559979082,12.1965040069,0.0,,3.39519326624e-313,0.0,3.24107063672e-321,1.0,,,0.0,0.0,0.0,,0.0,0.0,0.0,,,0.0,0.0,0.0,,0.0,0.0,0.0
1402415834437900452,,15677,,1402415834,437526677,/base_link,,,,8.68559979082,12.1965040069,0.0,,3.39519326624e-313,0.0,3.24107063672e-321,1.0,,,0.0,0.0,0.0,,0.0,0.0,0.0,,,0.0,0.0,0.0,,0.0,0.0,0.0
1402415834457852739,,15678,,1402415834,457514722,/base_link,,,,8.68559979082,12.1965040069,0.0,,3.39519326624e-313,0.0,3.24107063672e-321,1.0,,,0.0,0.0,0.0,,0.0,0.0,0.0,,,0.0,0.0,0.0,,0.0,0.0,0.0
1402415834477778702,,15679,,1402415834,477494110,/base_link,,,,8.68559979082,12.1965040069,0.0,,3.39519326624e-313,0.0,3.24107063672e-321,1.0,,,0.0,0.0,0.0,,0.0,0.0,0.0,,,0.0,0.0,0.0,,0.0,0.0,0.0
1402415834497900953,,15680,,1402415834,497559515,/base_link,,,,8.68559979082,12.1965040069,0.0,,3.39519326624e-313,0.0,3.24107063672e-321,1.0,,,0.0,0.0,0.0,,0.0,0.0,0.0,,,0.0,0.0,0.0,,0.0,0.0,0.0
1402415834517847268,,15681,,1402415834,517583073,/base_link,,,,8.68559979082,12.1965040069,0.0,,3.39519326624e-313,0.0,3.24107063672e-321,1.0,,,0.0,0.0,0.0,,0.0,0.0,0.0,,,0.0,0.0,0.0,,0.0,0.0,0.0
1402415834537838251,,15682,,1402415834,537565135,/base_link,,,,8.68559979082,12.1965040069,0.0,,3.39519326624e-313,0.0,3.24107063672e-321,1.0,,,0.0,0.0,0.0,,0.0,0.0,0.0,,,0.0,0.0,0.0,,0.0,0.0,0.0
1402415834557841993,,15683,,1402415834,557511527,/base_link,,,,8.68559979082,12.1965040069,0.0,,3.39519326624e-313,0.0,3.24107063672e-321,1.0,,,0.0,0.0,0.0,,0.0,0.0,0.0,,,0.0,0.0,0.0,,0.0,0.0,0.0
1402415834577816557,,15684,,1402415834,577520231,/base_link,,,,8.68559979082,12.1965040069,0.0,,3.39519326624e-313,0.0,3.24107063672e-321,1.0,,,0.0,0.0,0.0,,0.0,0.0,0.0,,,0.0,0.0,0.0,,0.0,0.0,0.0
1402415834597893518,,15685,,1402415834,597541052,/base_link,,,,8.68559979082,12.1965040069,0.0,,3.39519326624e-313,0.0,3.24107063672e-321,1.0,,,0.0,0.0,0.0,,0.0,0.0,0.0,,,0.0,0.0,0.0,,0.0,0.0,0.0
1402415834617870190,,15686,,1402415834,617501909,/base_link,,,,8.68559979082,12.1965040069,0.0,,3.39519326624e-313,0.0,3.24107063672e-321,1.0,,,0.0,0.0,0.0,,0.0,0.0,0.0,,,0.0,0.0,0.0,,0.0,0.0,0.0
1402415834637936750,,15687,,1402415834,637555664,/base_link,,,,8.68559979082,12.1965040069,0.0,,3.39519326624e-313,0.0,3.24107063672e-321,1.0,,,0.0,0.0,0.0,,0.0,0.0,0.0,,,0.0,0.0,0.0,,0.0,0.0,0.0
1402415834658004086,,15688,,1402415834,657691152,/base_link,,,,8.68559979082,12.1965040069,0.0,,3.39519326624e-313,0.0,3.24107063672e-321,1.0,,,0.0,0.0,0.0,,0.0,0.0,0.0,,,0.0,0.0,0.0,,0.0,0.0,0.0
1402415834677841167,,15689,,1402415834,677526012,/base_link,,,,8.68559979082,12.1965040069,0.0,,3.39519326624e-313,0.0,3.24107063672e-321,1.0,,,0.0,0.0,0.0,,0.0,0.0,0.0,,,0.0,0.0,0.0,,0.0,0.0,0.0
1402415834697833888,,15690,,1402415834,697579057,/base_link,,,,8.68559979082,12.1965040069,0.0,,3.39519326624e-313,0.0,3.24107063672e-321,1.0,,,0.0,0.0,0.0,,0.0,0.0,0.0,,,0.0,0.0,0.0,,0.0,0.0,0.0
1402415834718007679,,15691,,1402415834,717530242,/base_link,,,,8.68559979082,12.1965040069,0.0,,3.39519326624e-313,0.0,3.24107063672e-321,1.0,,,0.0,0.0,0.0,,0.0,0.0,0.0,,,0.0,0.0,0.0,,0.0,0.0,0.0
1402415834737779209,,15692,,1402415834,737488981,/base_link,,,,8.68559979082,12.1965040069,0.0,,3.39519326624e-313,0.0,3.24107063672e-321,1.0,,,0.0,0.0,0.0,,0.0,0.0,0.0,,,0.0,0.0,0.0,,0.0,0.0,0.0
1402415834757932609,,15693,,1402415834,757538525,/base_link,,,,8.68559979082,12.1965040069,0.0,,3.39519326624e-313,0.0,3.24107063672e-321,1.0,,,0.0,0.0,0.0,,0.0,0.0,0.0,,,0.0,0.0,0.0,,0.0,0.0,0.0
1402415834777853475,,15694,,1402415834,777493613,/base_link,,,,8.68559979082,12.1965040069,0.0,,3.39519326624e-313,0.0,3.24107063672e-321,1.0,,,0.0,0.0,0.0,,0.0,0.0,0.0,,,0.0,0.0,0.0,,0.0,0.0,0.0
1402415834798021218,,15695,,1402415834,797561082,/base_link,,,,8.68559979082,12.1965040069,0.0,,3.39519326624e-313,0.0,3.24107063672e-321,1.0,,,0.0,0.0,0.0,,0.0,0.0,0.0,,,0.0,0.0,0.0,,0.0,0.0,0.0
1402415834817716478,,15696,,1402415834,817497303,/base_link,,,,8.68559979082,12.1965040069,0.0,,3.39519326624e-313,0.0,3.24107063672e-321,1.0,,,0.0,0.0,0.0,,0.0,0.0,0.0,,,0.0,0.0,0.0,,0.0,0.0,0.0
1402415834837942307,,15697,,1402415834,837530050,/base_link,,,,8.68559979082,12.1965040069,0.0,,3.39519326624e-313,0.0,3.24107063672e-321,1.0,,,0.0,0.0,0.0,,0.0,0.0,0.0,,,0.0,0.0,0.0,,0.0,0.0,0.0
1402415834857947632,,15698,,1402415834,857511866,/base_link,,,,8.68559979082,12.1965040069,0.0,,3.39519326624e-313,0.0,3.24107063672e-321,1.0,,,0.0,0.0,0.0,,0.0,0.0,0.0,,,0.0,0.0,0.0,,0.0,0.0,0.0
1402415834877897947,,15699,,1402415834,877512572,/base_link,,,,8.68559979082,12.1965040069,0.0,,3.39519326624e-313,0.0,3.24107063672e-321,1.0,,,0.0,0.0,0.0,,0.0,0.0,0.0,,,0.0,0.0,0.0,,0.0,0.0,0.0
1402415834897948252,,15700,,1402415834,897539278,/base_link,,,,8.68559979082,12.1965040069,0.0,,3.39519326624e-313,0.0,3.24107063672e-321,1.0,,,0.0,0.0,0.0,,0.0,0.0,0.0,,,0.0,0.0,0.0,,0.0,0.0,0.0
1402415834917937969,,15701,,1402415834,917554529,/base_link,,,,8.68559979082,12.1965040069,0.0,,3.39519326624e-313,0.0,3.24107063672e-321,1.0,,,0.0,0.0,0.0,,0.0,0.0,0.0,,,0.0,0.0,0.0,,0.0,0.0,0.0
1402415834937872890,,15702,,1402415834,937527175,/base_link,,,,8.68559979082,12.1965040069,0.0,,3.39519326624e-313,0.0,3.24107063672e-321,1.0,,,0.0,0.0,0.0,,0.0,0.0,0.0,,,0.0,0.0,0.0,,0.0,0.0,0.0
1402415834957792175,,15703,,1402415834,957515250,/base_link,,,,8.68559979082,12.1965040069,0.0,,3.39519326624e-313,0.0,3.24107063672e-321,1.0,,,0.0,0.0,0.0,,0.0,0.0,0.0,,,0.0,0.0,0.0,,0.0,0.0,0.0
1402415834977844325,,15704,,1402415834,977499473,/base_link,,,,8.68559979082,12.1965040069,0.0,,3.39519326624e-313,0.0,3.24107063672e-321,1.0,,,0.0,0.0,0.0,,0.0,0.0,0.0,,,0.0,0.0,0.0,,0.0,0.0,0.0
1402415834997945534,,15705,,1402415834,997533460,/base_link,,,,8.68559979082,12.1965040069,0.0,,3.39519326624e-313,0.0,3.24107063672e-321,1.0,,,0.0,0.0,0.0,,0.0,0.0,0.0,,,0.0,0.0,0.0,,0.0,0.0,0.0
1402415835017731670,,15706,,1402415835,17539972,/base_link,,,,8.68559979082,12.1965040069,0.0,,3.39519326624e-313,0.0,3.24107063672e-321,1.0,,,0.0,0.0,0.0,,0.0,0.0,0.0,,,0.0,0.0,0.0,,0.0,0.0,0.0
1402415835037918544,,15707,,1402415835,37598558,/base_link,,,,8.68559979082,12.1965040069,0.0,,3.39519326624e-313,0.0,3.24107063672e-321,1.0,,,0.0,0.0,0.0,,0.0,0.0,0.0,,,0.0,0.0,0.0,,0.0,0.0,0.0
1402415835057848675,,15708,,1402415835,57527825,/base_link,,,,8.68559979082,12.1965040069,0.0,,3.39519326624e-313,0.0,3.24107063672e-321,1.0,,,0.0,0.0,0.0,,0.0,0.0,0.0,,,0.0,0.0,0.0,,0.0,0.0,0.0
1402415835077902121,,15709,,1402415835,77575019,/base_link,,,,8.68559979082,12.1965040069,0.0,,3.39519326624e-313,0.0,3.24107063672e-321,1.0,,,0.0,0.0,0.0,,0.0,0.0,0.0,,,0.0,0.0,0.0,,0.0,0.0,0.0
1402415835097795332,,15710,,1402415835,97550066,/base_link,,,,8.68559979082,12.1965040069,0.0,,3.39519326624e-313,0.0,3.24107063672e-321,1.0,,,0.0,0.0,0.0,,0.0,0.0,0.0,,,0.0,0.0,0.0,,0.0,0.0,0.0
1402415835117912148,,15711,,1402415835,117548190,/base_link,,,,8.68559979082,12.1965040069,0.0,,3.39519326624e-313,0.0,3.24107063672e-321,1.0,,,0.0,0.0,0.0,,0.0,0.0,0.0,,,0.0,0.0,0.0,,0.0,0.0,0.0
1402415835137855729,,15712,,1402415835,137514252,/base_link,,,,8.68559979082,12.1965040069,0.0,,3.39519326624e-313,0.0,3.24107063672e-321,1.0,,,0.0,0.0,0.0,,0.0,0.0,0.0,,,0.0,0.0,0.0,,0.0,0.0,0.0
1402415835157742064,,15713,,1402415835,157500833,/base_link,,,,8.68559979082,12.1965040069,0.0,,3.39519326624e-313,0.0,3.24107063672e-321,1.0,,,0.0,0.0,0.0,,0.0,0.0,0.0,,,0.0,0.0,0.0,,0.0,0.0,0.0
1402415835177837381,,15714,,1402415835,177513491,/base_link,,,,8.68559979082,12.1965040069,0.0,,3.39519326624e-313,0.0,3.24107063672e-321,1.0,,,0.0,0.0,0.0,,0.0,0.0,0.0,,,0.0,0.0,0.0,,0.0,0.0,0.0
1402415835197873561,,15715,,1402415835,197522578,/base_link,,,,8.68559979082,12.1965040069,0.0,,3.39519326624e-313,0.0,3.24107063672e-321,1.0,,,0.0,0.0,0.0,,0.0,0.0,0.0,,,0.0,0.0,0.0,,0.0,0.0,0.0
1402415835217839712,,15716,,1402415835,217523194,/base_link,,,,8.68559979082,12.1965040069,0.0,,3.39519326624e-313,0.0,3.24107063672e-321,1.0,,,0.0,0.0,0.0,,0.0,0.0,0.0,,,0.0,0.0,0.0,,0.0,0.0,0.0
1402415835237842464,,15717,,1402415835,237498832,/base_link,,,,8.68559979082,12.1965040069,0.0,,3.39519326624e-313,0.0,3.24107063672e-321,1.0,,,0.0,0.0,0.0,,0.0,0.0,0.0,,,0.0,0.0,0.0,,0.0,0.0,0.0
1402415835257860505,,15718,,1402415835,257490850,/base_link,,,,8.68559979082,12.1965040069,0.0,,3.39519326624e-313,0.0,3.24107063672e-321,1.0,,,0.0,0.0,0.0,,0.0,0.0,0.0,,,0.0,0.0,0.0,,0.0,0.0,0.0
1402415835277785851,,15719,,1402415835,277570297,/base_link,,,,8.68559979082,12.1965040069,0.0,,3.39519326624e-313,0.0,3.24107063672e-321,1.0,,,0.0,0.0,0.0,,0.0,0.0,0.0,,,0.0,0.0,0.0,,0.0,0.0,0.0
1402415835297940486,,15720,,1402415835,297625705,/base_link,,,,8.68559979082,12.1965040069,0.0,,3.39519326624e-313,0.0,3.24107063672e-321,1.0,,,0.0,0.0,0.0,,0.0,0.0,0.0,,,0.0,0.0,0.0,,0.0,0.0,0.0
1402415835317861015,,15721,,1402415835,317503987,/base_link,,,,8.68559979082,12.1965040069,0.0,,3.39519326624e-313,0.0,3.24107063672e-321,1.0,,,0.0,0.0,0.0,,0.0,0.0,0.0,,,0.0,0.0,0.0,,0.0,0.0,0.0
1402415835337871709,,15722,,1402415835,337693250,/base_link,,,,8.68559979082,12.1965040069,0.0,,3.39519326624e-313,0.0,3.24107063672e-321,1.0,,,0.0,0.0,0.0,,0.0,0.0,0.0,,,0.0,0.0,0.0,,0.0,0.0,0.0
1402415835357843179,,15723,,1402415835,357610070,/base_link,,,,8.68559979082,12.1965040069,0.0,,3.39519326624e-313,0.0,3.24107063672e-321,1.0,,,0.0,0.0,0.0,,0.0,0.0,0.0,,,0.0,0.0,0.0,,0.0,0.0,0.0
1402415835377890244,,15724,,1402415835,377523154,/base_link,,,,8.68559979082,12.1965040069,0.0,,3.39519326624e-313,0.0,3.24107063672e-321,1.0,,,0.0,0.0,0.0,,0.0,0.0,0.0,,,0.0,0.0,0.0,,0.0,0.0,0.0
1402415835397890054,,15725,,1402415835,397631715,/base_link,,,,8.68559979082,12.1965040069,0.0,,3.39519326624e-313,0.0,3.24107063672e-321,1.0,,,0.0,0.0,0.0,,0.0,0.0,0.0,,,0.0,0.0,0.0,,0.0,0.0,0.0
1402415835417950157,,15726,,1402415835,417516375,/base_link,,,,8.68559979082,12.1965040069,0.0,,3.39519326624e-313,0.0,3.24107063672e-321,1.0,,,0.0,0.0,0.0,,0.0,0.0,0.0,,,0.0,0.0,0.0,,0.0,0.0,0.0
1402415835437766348,,15727,,1402415835,437504504,/base_link,,,,8.68559979082,12.1965040069,0.0,,3.39519326624e-313,0.0,3.24107063672e-321,1.0,,,0.0,0.0,0.0,,0.0,0.0,0.0,,,0.0,0.0,0.0,,0.0,0.0,0.0
1402415835457779083,,15728,,1402415835,457577936,/base_link,,,,8.68559979082,12.1965040069,0.0,,3.39519326624e-313,0.0,3.24107063672e-321,1.0,,,0.0,0.0,0.0,,0.0,0.0,0.0,,,0.0,0.0,0.0,,0.0,0.0,0.0
1402415835477687440,,15729,,1402415835,477502445,/base_link,,,,8.68559979082,12.1965040069,0.0,,3.39519326624e-313,0.0,3.24107063672e-321,1.0,,,0.0,0.0,0.0,,0.0,0.0,0.0,,,0.0,0.0,0.0,,0.0,0.0,0.0
1402415835498038212,,15730,,1402415835,497596121,/base_link,,,,8.68559979082,12.1965040069,0.0,,3.39519326624e-313,0.0,3.24107063672e-321,1.0,,,0.0,0.0,0.0,,0.0,0.0,0.0,,,0.0,0.0,0.0,,0.0,0.0,0.0
1402415835517938524,,15731,,1402415835,517522192,/base_link,,,,8.68559979082,12.1965040069,0.0,,3.39519326624e-313,0.0,3.24107063672e-321,1.0,,,0.0,0.0,0.0,,0.0,0.0,0.0,,,0.0,0.0,0.0,,0.0,0.0,0.0
1402415835537987040,,15732,,1402415835,537568453,/base_link,,,,8.68559979082,12.1965040069,0.0,,3.39519326624e-313,0.0,3.24107063672e-321,1.0,,,0.0,0.0,0.0,,0.0,0.0,0.0,,,0.0,0.0,0.0,,0.0,0.0,0.0
1402415835557984086,,15733,,1402415835,557535036,/base_link,,,,8.68559979082,12.1965040069,0.0,,3.39519326624e-313,0.0,3.24107063672e-321,1.0,,,0.0,0.0,0.0,,0.0,0.0,0.0,,,0.0,0.0,0.0,,0.0,0.0,0.0
1402415835577908903,,15734,,1402415835,577583602,/base_link,,,,8.68559979082,12.1965040069,0.0,,3.39519326624e-313,0.0,3.24107063672e-321,1.0,,,0.0,0.0,0.0,,0.0,0.0,0.0,,,0.0,0.0,0.0,,0.0,0.0,0.0
1402415835597893821,,15735,,1402415835,597535861,/base_link,,,,8.68559979082,12.1965040069,0.0,,3.39519326624e-313,0.0,3.24107063672e-321,1.0,,,0.0,0.0,0.0,,0.0,0.0,0.0,,,0.0,0.0,0.0,,0.0,0.0,0.0
1402415835617762200,,15736,,1402415835,617508646,/base_link,,,,8.68559979082,12.1965040069,0.0,,3.39519326624e-313,0.0,3.24107063672e-321,1.0,,,0.0,0.0,0.0,,0.0,0.0,0.0,,,0.0,0.0,0.0,,0.0,0.0,0.0
1402415835637881220,,15737,,1402415835,637575027,/base_link,,,,8.68559979082,12.1965040069,0.0,,3.39519326624e-313,0.0,3.24107063672e-321,1.0,,,0.0,0.0,0.0,,0.0,0.0,0.0,,,0.0,0.0,0.0,,0.0,0.0,0.0
1402415835657794849,,15738,,1402415835,657590443,/base_link,,,,8.68559979082,12.1965040069,0.0,,3.39519326624e-313,0.0,3.24107063672e-321,1.0,,,0.0,0.0,0.0,,0.0,0.0,0.0,,,0.0,0.0,0.0,,0.0,0.0,0.0
1402415835677822484,,15739,,1402415835,677498220,/base_link,,,,8.68559979082,12.1965040069,0.0,,3.39519326624e-313,0.0,3.24107063672e-321,1.0,,,0.0,0.0,0.0,,0.0,0.0,0.0,,,0.0,0.0,0.0,,0.0,0.0,0.0
1402415835697948738,,15740,,1402415835,697705404,/base_link,,,,8.68559979082,12.1965040069,0.0,,3.39519326624e-313,0.0,3.24107063672e-321,1.0,,,0.0,0.0,0.0,,0.0,0.0,0.0,,,0.0,0.0,0.0,,0.0,0.0,0.0
1402415835717743152,,15741,,1402415835,717524745,/base_link,,,,8.68559979082,12.1965040069,0.0,,3.39519326624e-313,0.0,3.24107063672e-321,1.0,,,0.0,0.0,0.0,,0.0,0.0,0.0,,,0.0,0.0,0.0,,0.0,0.0,0.0
1402415835737995820,,15742,,1402415835,737618068,/base_link,,,,8.68559979082,12.1965040069,0.0,,3.39519326624e-313,0.0,3.24107063672e-321,1.0,,,0.0,0.0,0.0,,0.0,0.0,0.0,,,0.0,0.0,0.0,,0.0,0.0,0.0
1402415835757826286,,15743,,1402415835,757575022,/base_link,,,,8.68559979082,12.1965040069,0.0,,3.39519326624e-313,0.0,3.24107063672e-321,1.0,,,0.0,0.0,0.0,,0.0,0.0,0.0,,,0.0,0.0,0.0,,0.0,0.0,0.0
1402415835777965499,,15744,,1402415835,777532581,/base_link,,,,8.68559979082,12.1965040069,0.0,,3.39519326624e-313,0.0,3.24107063672e-321,1.0,,,0.0,0.0,0.0,,0.0,0.0,0.0,,,0.0,0.0,0.0,,0.0,0.0,0.0
1402415835797829336,,15745,,1402415835,797556505,/base_link,,,,8.68559979082,12.1965040069,0.0,,3.39519326624e-313,0.0,3.24107063672e-321,1.0,,,0.0,0.0,0.0,,0.0,0.0,0.0,,,0.0,0.0,0.0,,0.0,0.0,0.0
1402415835817936874,,15746,,1402415835,817605903,/base_link,,,,8.68559979082,12.1965040069,0.0,,3.39519326624e-313,0.0,3.24107063672e-321,1.0,,,0.0,0.0,0.0,,0.0,0.0,0.0,,,0.0,0.0,0.0,,0.0,0.0,0.0
1402415835837930494,,15747,,1402415835,837571184,/base_link,,,,8.68559979082,12.1965040069,0.0,,3.39519326624e-313,0.0,3.24107063672e-321,1.0,,,0.0,0.0,0.0,,0.0,0.0,0.0,,,0.0,0.0,0.0,,0.0,0.0,0.0
1402415835857921735,,15748,,1402415835,857532347,/base_link,,,,8.68559979082,12.1965040069,0.0,,3.39519326624e-313,0.0,3.24107063672e-321,1.0,,,0.0,0.0,0.0,,0.0,0.0,0.0,,,0.0,0.0,0.0,,0.0,0.0,0.0
1402415835878015425,,15749,,1402415835,877553204,/base_link,,,,8.68559979082,12.1965040069,0.0,,3.39519326624e-313,0.0,3.24107063672e-321,1.0,,,0.0,0.0,0.0,,0.0,0.0,0.0,,,0.0,0.0,0.0,,0.0,0.0,0.0
1402415835898058999,,15750,,1402415835,897728812,/base_link,,,,8.68559979082,12.1965040069,0.0,,3.39519326624e-313,0.0,3.24107063672e-321,1.0,,,0.0,0.0,0.0,,0.0,0.0,0.0,,,0.0,0.0,0.0,,0.0,0.0,0.0
1402415835917841470,,15751,,1402415835,917562616,/base_link,,,,8.68559979082,12.1965040069,0.0,,3.39519326624e-313,0.0,3.24107063672e-321,1.0,,,0.0,0.0,0.0,,0.0,0.0,0.0,,,0.0,0.0,0.0,,0.0,0.0,0.0
1402415835937939404,,15752,,1402415835,937612326,/base_link,,,,8.68559979082,12.1965040069,0.0,,3.39519326624e-313,0.0,3.24107063672e-321,1.0,,,0.0,0.0,0.0,,0.0,0.0,0.0,,,0.0,0.0,0.0,,0.0,0.0,0.0
1402415835958841500,,15753,,1402415835,957514453,/base_link,,,,8.68559979082,12.1965040069,0.0,,3.39519326624e-313,0.0,3.24107063672e-321,1.0,,,0.0,0.0,0.0,,0.0,0.0,0.0,,,0.0,0.0,0.0,,0.0,0.0,0.0
1402415835977987694,,15754,,1402415835,977540415,/base_link,,,,8.68559979082,12.1965040069,0.0,,3.39519326624e-313,0.0,3.24107063672e-321,1.0,,,0.0,0.0,0.0,,0.0,0.0,0.0,,,0.0,0.0,0.0,,0.0,0.0,0.0
1402415835997880642,,15755,,1402415835,997553009,/base_link,,,,8.68559979082,12.1965040069,0.0,,3.39519326624e-313,0.0,3.24107063672e-321,1.0,,,0.0,0.0,0.0,,0.0,0.0,0.0,,,0.0,0.0,0.0,,0.0,0.0,0.0
1402415836017782038,,15756,,1402415836,17517952,/base_link,,,,8.68559979082,12.1965040069,0.0,,3.39519326624e-313,0.0,3.24107063672e-321,1.0,,,0.0,0.0,0.0,,0.0,0.0,0.0,,,0.0,0.0,0.0,,0.0,0.0,0.0
1402415836037933041,,15757,,1402415836,37554256,/base_link,,,,8.68559979082,12.1965040069,0.0,,3.39519326624e-313,0.0,3.24107063672e-321,1.0,,,0.0,0.0,0.0,,0.0,0.0,0.0,,,0.0,0.0,0.0,,0.0,0.0,0.0
1402415836057802954,,15758,,1402415836,57609339,/base_link,,,,8.68559979082,12.1965040069,0.0,,3.39519326624e-313,0.0,3.24107063672e-321,1.0,,,0.0,0.0,0.0,,0.0,0.0,0.0,,,0.0,0.0,0.0,,0.0,0.0,0.0
1402415836077874919,,15759,,1402415836,77678951,/base_link,,,,8.68559979082,12.1965040069,0.0,,3.39519326624e-313,0.0,3.24107063672e-321,1.0,,,0.0,0.0,0.0,,0.0,0.0,0.0,,,0.0,0.0,0.0,,0.0,0.0,0.0
1402415836097849390,,15760,,1402415836,97659677,/base_link,,,,8.68559979082,12.1965040069,0.0,,3.39519326624e-313,0.0,3.24107063672e-321,1.0,,,0.0,0.0,0.0,,0.0,0.0,0.0,,,0.0,0.0,0.0,,0.0,0.0,0.0
1402415836117717818,,15761,,1402415836,117519234,/base_link,,,,8.68559979082,12.1965040069,0.0,,3.39519326624e-313,0.0,3.24107063672e-321,1.0,,,0.0,0.0,0.0,,0.0,0.0,0.0,,,0.0,0.0,0.0,,0.0,0.0,0.0
1402415836137882422,,15762,,1402415836,137522210,/base_link,,,,8.68559979082,12.1965040069,0.0,,3.39519326624e-313,0.0,3.24107063672e-321,1.0,,,0.0,0.0,0.0,,0.0,0.0,0.0,,,0.0,0.0,0.0,,0.0,0.0,0.0
1402415836157911435,,15763,,1402415836,157591644,/base_link,,,,8.68559979082,12.1965040069,0.0,,3.39519326624e-313,0.0,3.24107063672e-321,1.0,,,0.0,0.0,0.0,,0.0,0.0,0.0,,,0.0,0.0,0.0,,0.0,0.0,0.0
1402415836177943201,,15764,,1402415836,177600838,/base_link,,,,8.68559979082,12.1965040069,0.0,,3.39519326624e-313,0.0,3.24107063672e-321,1.0,,,0.0,0.0,0.0,,0.0,0.0,0.0,,,0.0,0.0,0.0,,0.0,0.0,0.0
1402415836197985810,,15765,,1402415836,197635609,/base_link,,,,8.68559979082,12.1965040069,0.0,,3.39519326624e-313,0.0,3.24107063672e-321,1.0,,,0.0,0.0,0.0,,0.0,0.0,0.0,,,0.0,0.0,0.0,,0.0,0.0,0.0
1402415836217886906,,15766,,1402415836,217535819,/base_link,,,,8.68559979082,12.1965040069,0.0,,3.39519326624e-313,0.0,3.24107063672e-321,1.0,,,0.0,0.0,0.0,,0.0,0.0,0.0,,,0.0,0.0,0.0,,0.0,0.0,0.0
1402415836237753489,,15767,,1402415836,237554146,/base_link,,,,8.68559979082,12.1965040069,0.0,,3.39519326624e-313,0.0,3.24107063672e-321,1.0,,,0.0,0.0,0.0,,0.0,0.0,0.0,,,0.0,0.0,0.0,,0.0,0.0,0.0
1402415836257892778,,15768,,1402415836,257505958,/base_link,,,,8.68559979082,12.1965040069,0.0,,3.39519326624e-313,0.0,3.24107063672e-321,1.0,,,0.0,0.0,0.0,,0.0,0.0,0.0,,,0.0,0.0,0.0,,0.0,0.0,0.0
1402415836277848027,,15769,,1402415836,277525887,/base_link,,,,8.68559979082,12.1965040069,0.0,,3.39519326624e-313,0.0,3.24107063672e-321,1.0,,,0.0,0.0,0.0,,0.0,0.0,0.0,,,0.0,0.0,0.0,,0.0,0.0,0.0
1402415836297776381,,15770,,1402415836,297515213,/base_link,,,,8.68559979082,12.1965040069,0.0,,3.39519326624e-313,0.0,3.24107063672e-321,1.0,,,0.0,0.0,0.0,,0.0,0.0,0.0,,,0.0,0.0,0.0,,0.0,0.0,0.0
1402415836317869997,,15771,,1402415836,317532030,/base_link,,,,8.68559979082,12.1965040069,0.0,,3.39519326624e-313,0.0,3.24107063672e-321,1.0,,,0.0,0.0,0.0,,0.0,0.0,0.0,,,0.0,0.0,0.0,,0.0,0.0,0.0
1402415836338001553,,15772,,1402415836,337510781,/base_link,,,,8.68559979082,12.1965040069,0.0,,3.39519326624e-313,0.0,3.24107063672e-321,1.0,,,0.0,0.0,0.0,,0.0,0.0,0.0,,,0.0,0.0,0.0,,0.0,0.0,0.0
1402415836357827795,,15773,,1402415836,357533289,/base_link,,,,8.68559979082,12.1965040069,0.0,,3.39519326624e-313,0.0,3.24107063672e-321,1.0,,,0.0,0.0,0.0,,0.0,0.0,0.0,,,0.0,0.0,0.0,,0.0,0.0,0.0
1402415836377869966,,15774,,1402415836,377503893,/base_link,,,,8.68559979082,12.1965040069,0.0,,3.39519326624e-313,0.0,3.24107063672e-321,1.0,,,0.0,0.0,0.0,,0.0,0.0,0.0,,,0.0,0.0,0.0,,0.0,0.0,0.0
1402415836398047941,,15775,,1402415836,397644922,/base_link,,,,8.68559979082,12.1965040069,0.0,,3.39519326624e-313,0.0,3.24107063672e-321,1.0,,,0.0,0.0,0.0,,0.0,0.0,0.0,,,0.0,0.0,0.0,,0.0,0.0,0.0
1402415836417824676,,15776,,1402415836,417566423,/base_link,,,,8.68559979082,12.1965040069,0.0,,3.39519326624e-313,0.0,3.24107063672e-321,1.0,,,0.0,0.0,0.0,,0.0,0.0,0.0,,,0.0,0.0,0.0,,0.0,0.0,0.0
1402415836438071787,,15777,,1402415836,437609048,/base_link,,,,8.68559979082,12.1965040069,0.0,,3.39519326624e-313,0.0,3.24107063672e-321,1.0,,,0.0,0.0,0.0,,0.0,0.0,0.0,,,0.0,0.0,0.0,,0.0,0.0,0.0
1402415836457976776,,15778,,1402415836,457680199,/base_link,,,,8.68559979082,12.1965040069,0.0,,3.39519326624e-313,0.0,3.24107063672e-321,1.0,,,0.0,0.0,0.0,,0.0,0.0,0.0,,,0.0,0.0,0.0,,0.0,0.0,0.0
1402415836477899023,,15779,,1402415836,477610252,/base_link,,,,8.68559979082,12.1965040069,0.0,,3.39519326624e-313,0.0,3.24107063672e-321,1.0,,,0.0,0.0,0.0,,0.0,0.0,0.0,,,0.0,0.0,0.0,,0.0,0.0,0.0
1402415836497874693,,15780,,1402415836,497737712,/base_link,,,,8.68559979082,12.1965040069,0.0,,3.39519326624e-313,0.0,3.24107063672e-321,1.0,,,0.0,0.0,0.0,,0.0,0.0,0.0,,,0.0,0.0,0.0,,0.0,0.0,0.0
1402415836517839620,,15781,,1402415836,517476130,/base_link,,,,8.68559979082,12.1965040069,0.0,,3.39519326624e-313,0.0,3.24107063672e-321,1.0,,,0.0,0.0,0.0,,0.0,0.0,0.0,,,0.0,0.0,0.0,,0.0,0.0,0.0
1402415836537958538,,15782,,1402415836,537568372,/base_link,,,,8.68559979082,12.1965040069,0.0,,3.39519326624e-313,0.0,3.24107063672e-321,1.0,,,0.0,0.0,0.0,,0.0,0.0,0.0,,,0.0,0.0,0.0,,0.0,0.0,0.0
1402415836557854442,,15783,,1402415836,557494792,/base_link,,,,8.68559979082,12.1965040069,0.0,,3.39519326624e-313,0.0,3.24107063672e-321,1.0,,,0.0,0.0,0.0,,0.0,0.0,0.0,,,0.0,0.0,0.0,,0.0,0.0,0.0
1402415836577868143,,15784,,1402415836,577599343,/base_link,,,,8.68559979082,12.1965040069,0.0,,3.39519326624e-313,0.0,3.24107063672e-321,1.0,,,0.0,0.0,0.0,,0.0,0.0,0.0,,,0.0,0.0,0.0,,0.0,0.0,0.0
1402415836597824273,,15785,,1402415836,597471768,/base_link,,,,8.68559979082,12.1965040069,0.0,,3.39519326624e-313,0.0,3.24107063672e-321,1.0,,,0.0,0.0,0.0,,0.0,0.0,0.0,,,0.0,0.0,0.0,,0.0,0.0,0.0
1402415836617806045,,15786,,1402415836,617524335,/base_link,,,,8.68559979082,12.1965040069,0.0,,3.39519326624e-313,0.0,3.24107063672e-321,1.0,,,0.0,0.0,0.0,,0.0,0.0,0.0,,,0.0,0.0,0.0,,0.0,0.0,0.0
1402415836637857033,,15787,,1402415836,637542349,/base_link,,,,8.68559979082,12.1965040069,0.0,,3.39519326624e-313,0.0,3.24107063672e-321,1.0,,,0.0,0.0,0.0,,0.0,0.0,0.0,,,0.0,0.0,0.0,,0.0,0.0,0.0
1402415836657870479,,15788,,1402415836,657509679,/base_link,,,,8.68559979082,12.1965040069,0.0,,3.39519326624e-313,0.0,3.24107063672e-321,1.0,,,0.0,0.0,0.0,,0.0,0.0,0.0,,,0.0,0.0,0.0,,0.0,0.0,0.0
1402415836677824554,,15789,,1402415836,677496668,/base_link,,,,8.68559979082,12.1965040069,0.0,,3.39519326624e-313,0.0,3.24107063672e-321,1.0,,,0.0,0.0,0.0,,0.0,0.0,0.0,,,0.0,0.0,0.0,,0.0,0.0,0.0
1402415836698059227,,15790,,1402415836,697581812,/base_link,,,,8.68559979082,12.1965040069,0.0,,3.39519326624e-313,0.0,3.24107063672e-321,1.0,,,0.0,0.0,0.0,,0.0,0.0,0.0,,,0.0,0.0,0.0,,0.0,0.0,0.0
1402415836717888754,,15791,,1402415836,717550812,/base_link,,,,8.68559979082,12.1965040069,0.0,,3.39519326624e-313,0.0,3.24107063672e-321,1.0,,,0.0,0.0,0.0,,0.0,0.0,0.0,,,0.0,0.0,0.0,,0.0,0.0,0.0
1402415836737894437,,15792,,1402415836,737673046,/base_link,,,,8.68559979082,12.1965040069,0.0,,3.39519326624e-313,0.0,3.24107063672e-321,1.0,,,0.0,0.0,0.0,,0.0,0.0,0.0,,,0.0,0.0,0.0,,0.0,0.0,0.0
1402415836757881371,,15793,,1402415836,757602380,/base_link,,,,8.68559979082,12.1965040069,0.0,,3.39519326624e-313,0.0,3.24107063672e-321,1.0,,,0.0,0.0,0.0,,0.0,0.0,0.0,,,0.0,0.0,0.0,,0.0,0.0,0.0
1402415836777864788,,15794,,1402415836,777535600,/base_link,,,,8.68559979082,12.1965040069,0.0,,3.39519326624e-313,0.0,3.24107063672e-321,1.0,,,0.0,0.0,0.0,,0.0,0.0,0.0,,,0.0,0.0,0.0,,0.0,0.0,0.0
1402415836797773838,,15795,,1402415836,797541428,/base_link,,,,8.68559979082,12.1965040069,0.0,,3.39519326624e-313,0.0,3.24107063672e-321,1.0,,,0.0,0.0,0.0,,0.0,0.0,0.0,,,0.0,0.0,0.0,,0.0,0.0,0.0
1402415836817757158,,15796,,1402415836,817531074,/base_link,,,,8.68559979082,12.1965040069,0.0,,3.39519326624e-313,0.0,3.24107063672e-321,1.0,,,0.0,0.0,0.0,,0.0,0.0,0.0,,,0.0,0.0,0.0,,0.0,0.0,0.0
1402415836837765267,,15797,,1402415836,837543155,/base_link,,,,8.68559979082,12.1965040069,0.0,,3.39519326624e-313,0.0,3.24107063672e-321,1.0,,,0.0,0.0,0.0,,0.0,0.0,0.0,,,0.0,0.0,0.0,,0.0,0.0,0.0
1402415836857762798,,15798,,1402415836,857507015,/base_link,,,,8.68559979082,12.1965040069,0.0,,3.39519326624e-313,0.0,3.24107063672e-321,1.0,,,0.0,0.0,0.0,,0.0,0.0,0.0,,,0.0,0.0,0.0,,0.0,0.0,0.0
1402415836877916136,,15799,,1402415836,877734909,/base_link,,,,8.68559979082,12.1965040069,0.0,,3.39519326624e-313,0.0,3.24107063672e-321,1.0,,,0.0,0.0,0.0,,0.0,0.0,0.0,,,0.0,0.0,0.0,,0.0,0.0,0.0
1402415836897894551,,15800,,1402415836,897723891,/base_link,,,,8.68559979082,12.1965040069,0.0,,3.39519326624e-313,0.0,3.24107063672e-321,1.0,,,0.0,0.0,0.0,,0.0,0.0,0.0,,,0.0,0.0,0.0,,0.0,0.0,0.0
1402415836917695570,,15801,,1402415836,917520623,/base_link,,,,8.68559979082,12.1965040069,0.0,,3.39519326624e-313,0.0,3.24107063672e-321,1.0,,,0.0,0.0,0.0,,0.0,0.0,0.0,,,0.0,0.0,0.0,,0.0,0.0,0.0
1402415836937843273,,15802,,1402415836,937573534,/base_link,,,,8.68559979082,12.1965040069,0.0,,3.39519326624e-313,0.0,3.24107063672e-321,1.0,,,0.0,0.0,0.0,,0.0,0.0,0.0,,,0.0,0.0,0.0,,0.0,0.0,0.0
1402415836957851489,,15803,,1402415836,957556417,/base_link,,,,8.68559979082,12.1965040069,0.0,,3.39519326624e-313,0.0,3.24107063672e-321,1.0,,,0.0,0.0,0.0,,0.0,0.0,0.0,,,0.0,0.0,0.0,,0.0,0.0,0.0
1402415836977878739,,15804,,1402415836,977619093,/base_link,,,,8.68559979082,12.1965040069,0.0,,3.39519326624e-313,0.0,3.24107063672e-321,1.0,,,0.0,0.0,0.0,,0.0,0.0,0.0,,,0.0,0.0,0.0,,0.0,0.0,0.0
1402415836997937998,,15805,,1402415836,997562906,/base_link,,,,8.68559979082,12.1965040069,0.0,,3.39519326624e-313,0.0,3.24107063672e-321,1.0,,,0.0,0.0,0.0,,0.0,0.0,0.0,,,0.0,0.0,0.0,,0.0,0.0,0.0
1402415837017739130,,15806,,1402415837,17531702,/base_link,,,,8.68559979082,12.1965040069,0.0,,3.39519326624e-313,0.0,3.24107063672e-321,1.0,,,0.0,0.0,0.0,,0.0,0.0,0.0,,,0.0,0.0,0.0,,0.0,0.0,0.0
1402415837038383656,,15807,,1402415837,38053891,/base_link,,,,8.68559979082,12.1965040069,0.0,,3.39519326624e-313,0.0,3.24107063672e-321,1.0,,,0.0,0.0,0.0,,0.0,0.0,0.0,,,0.0,0.0,0.0,,0.0,0.0,0.0
1402415837058026009,,15808,,1402415837,57695202,/base_link,,,,8.68559979082,12.1965040069,0.0,,3.39519326624e-313,0.0,3.24107063672e-321,1.0,,,0.0,0.0,0.0,,0.0,0.0,0.0,,,0.0,0.0,0.0,,0.0,0.0,0.0
1402415837077899463,,15809,,1402415837,77587420,/base_link,,,,8.68559979082,12.1965040069,0.0,,3.39519326624e-313,0.0,3.24107063672e-321,1.0,,,0.0,0.0,0.0,,0.0,0.0,0.0,,,0.0,0.0,0.0,,0.0,0.0,0.0
1402415837097842804,,15810,,1402415837,97549628,/base_link,,,,8.68559979082,12.1965040069,0.0,,3.39519326624e-313,0.0,3.24107063672e-321,1.0,,,0.0,0.0,0.0,,0.0,0.0,0.0,,,0.0,0.0,0.0,,0.0,0.0,0.0
1402415837117776709,,15811,,1402415837,117524780,/base_link,,,,8.68559979082,12.1965040069,0.0,,3.39519326624e-313,0.0,3.24107063672e-321,1.0,,,0.0,0.0,0.0,,0.0,0.0,0.0,,,0.0,0.0,0.0,,0.0,0.0,0.0
1402415837138002206,,15812,,1402415837,137533207,/base_link,,,,8.68559979082,12.1965040069,0.0,,3.39519326624e-313,0.0,3.24107063672e-321,1.0,,,0.0,0.0,0.0,,0.0,0.0,0.0,,,0.0,0.0,0.0,,0.0,0.0,0.0
1402415837157826363,,15813,,1402415837,157544610,/base_link,,,,8.68559979082,12.1965040069,0.0,,3.39519326624e-313,0.0,3.24107063672e-321,1.0,,,0.0,0.0,0.0,,0.0,0.0,0.0,,,0.0,0.0,0.0,,0.0,0.0,0.0
1402415837177766495,,15814,,1402415837,177516993,/base_link,,,,8.68559979082,12.1965040069,0.0,,3.39519326624e-313,0.0,3.24107063672e-321,1.0,,,0.0,0.0,0.0,,0.0,0.0,0.0,,,0.0,0.0,0.0,,0.0,0.0,0.0
1402415837197817880,,15815,,1402415837,197544346,/base_link,,,,8.68559979082,12.1965040069,0.0,,3.39519326624e-313,0.0,3.24107063672e-321,1.0,,,0.0,0.0,0.0,,0.0,0.0,0.0,,,0.0,0.0,0.0,,0.0,0.0,0.0
1402415837217850575,,15816,,1402415837,217514222,/base_link,,,,8.68559979082,12.1965040069,0.0,,3.39519326624e-313,0.0,3.24107063672e-321,1.0,,,0.0,0.0,0.0,,0.0,0.0,0.0,,,0.0,0.0,0.0,,0.0,0.0,0.0
1402415837237891711,,15817,,1402415837,237529697,/base_link,,,,8.68559979082,12.1965040069,0.0,,3.39519326624e-313,0.0,3.24107063672e-321,1.0,,,0.0,0.0,0.0,,0.0,0.0,0.0,,,0.0,0.0,0.0,,0.0,0.0,0.0
1402415837257846478,,15818,,1402415837,257609919,/base_link,,,,8.68559979082,12.1965040069,0.0,,3.39519326624e-313,0.0,3.24107063672e-321,1.0,,,0.0,0.0,0.0,,0.0,0.0,0.0,,,0.0,0.0,0.0,,0.0,0.0,0.0
1402415837277786336,,15819,,1402415837,277567947,/base_link,,,,8.68559979082,12.1965040069,0.0,,3.39519326624e-313,0.0,3.24107063672e-321,1.0,,,0.0,0.0,0.0,,0.0,0.0,0.0,,,0.0,0.0,0.0,,0.0,0.0,0.0
1402415837297965874,,15820,,1402415837,297607083,/base_link,,,,8.68559979082,12.1965040069,0.0,,3.39519326624e-313,0.0,3.24107063672e-321,1.0,,,0.0,0.0,0.0,,0.0,0.0,0.0,,,0.0,0.0,0.0,,0.0,0.0,0.0
1402415837317872885,,15821,,1402415837,317535631,/base_link,,,,8.68559979082,12.1965040069,0.0,,3.39519326624e-313,0.0,3.24107063672e-321,1.0,,,0.0,0.0,0.0,,0.0,0.0,0.0,,,0.0,0.0,0.0,,0.0,0.0,0.0
1402415837337929749,,15822,,1402415837,337594190,/base_link,,,,8.68559979082,12.1965040069,0.0,,3.39519326624e-313,0.0,3.24107063672e-321,1.0,,,0.0,0.0,0.0,,0.0,0.0,0.0,,,0.0,0.0,0.0,,0.0,0.0,0.0
1402415837357842826,,15823,,1402415837,357548131,/base_link,,,,8.68559979082,12.1965040069,0.0,,3.39519326624e-313,0.0,3.24107063672e-321,1.0,,,0.0,0.0,0.0,,0.0,0.0,0.0,,,0.0,0.0,0.0,,0.0,0.0,0.0
1402415837377867379,,15824,,1402415837,377587096,/base_link,,,,8.68559979082,12.1965040069,0.0,,3.39519326624e-313,0.0,3.24107063672e-321,1.0,,,0.0,0.0,0.0,,0.0,0.0,0.0,,,0.0,0.0,0.0,,0.0,0.0,0.0
1402415837397955355,,15825,,1402415837,397735823,/base_link,,,,8.68559979082,12.1965040069,0.0,,3.39519326624e-313,0.0,3.24107063672e-321,1.0,,,0.0,0.0,0.0,,0.0,0.0,0.0,,,0.0,0.0,0.0,,0.0,0.0,0.0
